price,location,area,year,rooms,level,state
445000,0,64.0,1972,4,4,0
205000,0,23.85,1970,1,1,0
205000,0,24.0,1970,1,1,0
249000,0,25.0,1975,1,10,2
249000,0,25.0,1970,1,9,2
249000,0,23.62,1970,1,9,2
260000,0,26.0,1964,1,3,2
269000,0,36.0,1977,2,4,2
279900,0,36.41,1975,2,4,2
295000,0,31.0,2013,1,6,2
299000,0,39.25,1963,2,4,1
309000,0,36.6,1970,2,2,2
309000,0,37.0,1970,2,2,2
310000,0,37.0,1970,2,1,2
315000,0,36.6,1960,2,2,2
320000,0,38.19,1973,2,0,0
340000,0,39.51,1975,2,0,2
345000,0,38.0,1969,2,7,2
345000,0,37.0,1979,2,3,0
354000,0,43.0,1970,2,0,2
359000,0,44.0,1970,2,1,0
360000,0,46.0,1975,3,2,2
360000,0,47.0,1974,3,2,0
379000,1,49.0,2000,2,3,2
510000,1,57.0,2015,3,10,2
439000,1,52.0,2014,2,1,2
135000,1,13.0,2020,1,0,2
160000,1,19.0,2020,1,0,2
170000,1,66.6,2002,3,1,2
184500,1,23.76,2022,2,3,1
195000,1,25.6,1975,1,0,2
208402,1,26.38,2022,1,3,1
209000,1,22.0,2019,1,2,2
231000,1,32.0,2020,1,0,1
233000,1,37.69,2021,2,3,1
236000,1,32.5,2020,1,4,1
243066,1,35.93,2020,2,0,1
243800,1,31.46,2022,2,0,1
243800,1,31.46,2022,2,1,1
243800,1,31.44,2022,2,0,1
244499,1,35.98,2020,2,1,1
245000,1,34.0,2020,2,1,1
245000,1,36.02,2020,2,2,1
245500,1,36.0,2020,2,2,1
249500,1,34.4,2021,2,3,1
249900,1,35.0,2021,2,4,1
250000,1,34.34,2021,2,5,1
250900,1,35.43,2021,2,1,1
253300,1,34.25,2021,2,3,1
254000,1,28.5,2020,1,1,1
254983,1,34.44,2021,2,4,1
255000,1,28.5,2020,1,1,1
255000,1,39.23,2022,2,3,1
255000,1,34.12,2021,2,4,1
255000,1,34.34,2021,2,4,1
255000,1,28.5,2022,1,1,1
255833,1,34.34,2021,2,4,1
255833,1,34.34,2021,2,4,1
256000,1,38.0,2020,2,1,1
256421,1,37.77,2021,2,4,2
256578,1,34.44,2021,2,2,1
257472,1,34.56,2021,2,0,1
259000,1,34.78,2021,2,0,1
259111,1,34.78,2021,2,0,1
259111,1,34.78,2021,2,0,1
259500,1,36.0,2021,2,4,1
262000,1,36.0,2021,2,0,1
262000,1,36.0,2020,2,4,1
263000,1,36.0,2021,2,0,1
310000,0,37.0,1970,2,1,2
445000,0,64.0,1972,4,4,0
205000,0,23.85,1970,1,1,0
205000,0,24.0,1970,1,1,0
249000,0,25.0,1975,1,10,2
249000,0,25.0,1970,1,9,2
249000,0,23.62,1970,1,9,2
260000,0,26.0,1964,1,3,2
269000,0,36.0,1977,2,4,2
279900,0,36.41,1975,2,4,2
295000,0,31.0,2013,1,6,2
299000,0,39.25,1963,2,4,1
309000,0,36.6,1970,2,2,2
309000,0,37.0,1970,2,2,2
310000,0,37.0,1970,2,1,2
315000,0,36.6,1960,2,2,2
320000,0,38.19,1973,2,0,0
340000,0,39.51,1975,2,0,2
345000,0,38.0,1969,2,7,2
345000,0,37.0,1979,2,3,0
354000,0,43.0,1970,2,0,2
359000,0,44.0,1970,2,1,0
360000,0,46.0,1975,3,2,2
360000,0,47.0,1974,3,2,0
360000,0,43.0,1970,2,0,2
360000,0,46.0,1975,3,2,0
365000,0,44.0,1960,2,5,2
370000,0,52.0,1950,2,0,0
379000,0,38.0,1981,2,10,0
379000,0,46.9,1974,3,4,2
379000,0,48.5,1965,3,2,2
515000,5,63.0,1997,3,0,2
199000,5,12.0,2018,1,0,2
200000,5,16.2,1930,1,0,2
210000,5,21.0,2000,1,7,2
217000,5,21.7,2020,1,0,1
240000,5,25.0,1955,1,0,0
240000,5,23.7,1960,1,0,2
248000,5,18.0,1905,1,3,2
248000,5,18.0,1905,1,3,2
250000,5,25.0,1960,1,0,2
261000,5,26.1,2020,1,0,1
280000,5,16.2,1930,1,2,2
280000,5,25.51,2021,1,0,1
286235,5,24.89,2021,1,1,1
287528,5,22.64,2019,1,2,1
287528,5,22.64,2019,1,2,1
288150,5,25.5,2021,1,0,1
289000,5,45.0,1944,2,1,2
290000,5,24.24,1975,1,8,1
305000,5,28.08,1974,1,4,2
306000,5,20.97,2019,1,4,1
306000,5,20.97,2019,1,4,1
310000,5,26.0,1974,1,2,2
313835,5,27.29,2021,1,2,1
315000,5,37.0,1967,2,0,2
315000,5,29.33,2021,1,6,1
319000,5,30.77,1914,1,4,2
320000,5,37.0,1960,2,0,0
320000,5,34.0,2021,2,2,2
320000,5,34.3,2021,2,2,1
324000,5,24.0,1945,1,4,2
327474,5,28.98,2021,1,5,1
329000,5,24.01,2019,1,4,1
329000,5,22.52,2019,1,1,1
329508,5,29.16,2021,1,0,1
335000,5,32.16,1914,1,4,2
335497,5,29.69,2021,1,1,1
339000,5,32.52,1914,1,4,2
339000,5,24.88,1914,1,4,2
339000,5,28.5,2015,1,3,2
339000,5,38.0,1970,2,2,2
339900,5,30.0,1990,1,5,2
340000,5,23.52,2015,1,3,2
340000,5,24.0,2017,1,3,2
515000,5,63.0,1997,3,0,2
349000,5,39.0,1930,1,3,0
349000,5,44.06,2020,2,2,1
349900,5,37.12,2021,2,0,1
350000,5,35.0,1980,2,4,2
350000,5,43.0,1988,2,3,2
350000,5,48.0,2020,3,1,1
352000,5,32.32,2021,1,4,1
352000,5,33.0,2021,2,3,2
354844,5,34.96,2021,2,2,1
355000,5,25.44,2019,2,1,1
355000,5,25.37,2019,2,1,1
358000,5,27.0,2020,1,5,1
359000,5,34.04,1914,1,4,2
359000,5,44.15,2020,2,2,1
359000,5,44.06,2020,2,2,1
360000,5,30.0,2011,1,5,2
360000,5,34.0,1943,1,0,0
360000,5,30.0,2011,1,5,2
361400,5,26.0,1930,1,0,2
363978,5,33.24,2021,2,2,1
365000,5,36.32,1975,2,1,2
369000,5,27.29,2019,2,3,1
369645,5,38.91,2021,2,0,1
375000,5,30.0,2018,1,2,2
376933,5,41.65,2021,2,0,1
377115,5,40.55,2021,2,0,1
379900,5,40.0,2021,2,5,1
380000,5,32.57,2014,1,0,2
380000,5,27.55,1945,1,2,1
385000,5,28.1,2015,1,3,2
388600,5,29.0,2022,2,0,1
388600,5,29.0,2022,1,0,1
390000,5,37.0,1968,2,1,2
390000,5,39.32,2021,2,2,1
391720,5,28.0,2022,1,4,1
391720,5,28.0,2022,1,4,1
391720,5,28.0,2021,2,4,1
392000,5,32.0,2010,1,1,2
395000,5,28.42,2019,1,3,1
395300,5,29.5,2020,2,0,1
397498,5,27.34,2019,1,0,2
217000,5,21.7,2020,1,0,1
339900,5,30.0,1990,1,5,2
399000,5,37.4,1975,1,4,0
399000,5,29.3,2020,2,4,2
399000,5,41.31,2021,2,3,1
401900,5,43.0,2021,2,1,1
409000,5,35.36,1930,2,2,1
409990,5,35.36,1930,2,2,2
410000,5,29.45,2019,1,4,1
415000,5,38.0,1980,2,2,2
415000,5,38.0,2006,1,0,2
415900,5,44.94,2021,3,1,1
420000,5,30.16,2018,1,2,2
422370,5,44.46,2021,3,6,1
425000,5,38.0,1960,2,1,2
425000,5,35.0,2017,2,2,2
429000,5,47.21,1914,1,4,2
429000,5,32.0,1930,1,3,2
430000,5,38.0,2000,1,0,2
432000,5,37.5,1964,1,2,0
435000,5,37.5,1964,1,2,0
439000,5,48.6,1966,2,3,0
440000,5,34.37,2015,1,0,2
440000,5,34.37,2015,1,0,2
440000,5,32.0,2020,2,1,1
442000,5,58.0,2020,3,1,1
444110,5,49.9,2021,3,0,1
444500,5,35.0,2022,2,1,1
445000,5,52.0,2021,3,0,1
445000,5,33.55,1930,1,3,2
446125,5,35.69,2019,2,1,1
448000,5,35.0,2021,2,2,1
448780,5,53.11,2021,3,0,1
450000,5,49.5,1970,3,9,0
450000,5,37.0,1978,2,3,2
451994,5,35.41,2019,2,1,2
453692,5,57.91,2020,3,3,1
454277,5,51.91,2021,3,5,1
455000,5,35.0,2022,2,4,1
455000,5,40.5,1976,2,6,2
456095,5,48.01,2021,3,1,1
459000,5,53.0,1974,3,10,2
310000,5,26.0,1974,1,2,2
520000,5,60.0,2006,2,7,2
600000,5,46.0,2009,2,1,2
1620000,5,111.68,2019,4,3,1
1650000,5,200.0,1919,6,0,0
1696500,5,135.72,1935,4,1,2
1870000,5,142.0,2019,5,3,1
2390000,5,150.0,1930,5,1,2
6299000,5,442.2,2017,10,4,2
359000,8,44.0,1971,2,3,2
429000,8,48.32,1958,2,0,2
499000,7,67.0,2020,4,3,1
398000,7,51.0,2020,3,0,1
509000,7,67.3,2020,3,4,1
514437,7,66.81,2020,4,7,1
539000,8,76.38,2021,3,1,1
469000,8,58.0,2021,3,0,1
446000,8,50.9,1980,3,3,2
910000,8,57.0,2020,3,3,2
550000,8,48.0,2015,2,7,2
320000,8,39.0,1950,2,1,2
399999,7,47.6,1974,3,2,2
310000,8,36.0,1965,2,9,0
265000,8,32.0,1965,2,2,0
219000,8,27.69,1955,1,3,2
370000,8,52.0,1970,2,0,0
472875,8,64.78,2022,3,1,1
395588,8,44.2,2022,2,4,1
315000,8,36.0,2000,1,4,2
530000,7,48.5,2020,3,5,2
655000,7,66.0,2020,4,1,2
485000,8,50.0,2009,3,1,2
430000,8,47.68,1960,3,3,2
468000,7,60.0,1970,3,3,0
629000,7,63.0,2020,3,1,2
426666,8,41.83,2022,3,1,1
320892,8,31.46,2022,2,1,1
487000,8,60.4,1982,3,0,2
487000,8,60.4,1982,3,0,2
535000,8,51.89,2019,2,3,2
290000,8,31.0,1970,2,0,2
499000,7,56.0,1970,4,3,2
560000,8,85.0,1960,3,2,2
239000,8,21.77,1985,1,9,2
606606,8,83.1,2022,4,1,1
408317,8,52.35,2022,3,0,1
375724,8,42.22,2022,2,1,1
395588,8,44.2,2022,2,4,1
388952,8,44.2,2022,2,0,1
476094,8,64.78,2022,3,2,1
379000,8,57.0,1976,3,4,2
549000,7,64.0,1990,3,3,2
499000,8,55.0,1960,3,3,2
560000,8,85.0,1960,3,2,2
365000,7,50.3,1975,3,2,0
365000,7,50.3,1975,3,2,0
458000,8,56.66,1999,2,2,2
305000,7,31.5,2020,2,1,1
550000,8,64.0,1989,3,6,2
395000,8,45.51,1953,2,0,2
525096,7,72.93,2021,4,7,1
379800,7,50.64,2021,3,2,1
445519,7,61.03,2021,3,6,1
301410,7,33.49,2021,2,5,1
341615,7,40.19,2021,2,8,1
269010,7,29.89,2021,1,8,1
655000,8,69.0,2020,3,1,2
570000,7,63.0,1982,3,0,2
699000,7,72.31,2020,4,1,2
439700,8,46.5,2012,2,6,2
410000,8,47.89,1956,2,3,2
332316,8,32.58,2022,2,1,1
365000,8,51.0,1980,3,2,0
590000,8,63.0,1953,3,3,2
745000,8,76.0,1961,3,5,2
469000,7,47.24,2018,2,0,2
364200,7,36.42,2018,2,9,2
360000,8,46.0,1975,3,2,2
425000,8,54.0,1985,2,7,2
515964,7,67.89,2020,3,5,1
410000,8,48.0,1956,2,3,2
431357,7,59.09,2020,3,2,1
415000,8,40.0,1954,2,3,2
595000,7,59.0,2020,3,0,2
359000,8,44.0,1971,2,3,2
350000,8,49.5,1950,2,2,0
400000,8,40.0,1954,2,3,2
329000,8,29.38,2017,1,5,2
595000,8,59.0,2017,3,4,2
419000,8,47.9,1956,2,3,2
569000,8,74.39,2000,3,0,2
345000,8,33.33,1953,2,3,2
415000,8,40.0,1954,2,3,2
390000,8,48.0,1950,3,2,2
520870,7,79.54,2022,4,1,1
399000,8,49.46,2021,2,0,1
439000,8,56.31,2021,2,0,1
399000,8,49.46,2021,2,4,1
299000,8,32.67,2021,1,5,1
299000,8,32.67,2021,1,0,1
305000,7,31.48,2020,1,2,1
832195,7,91.45,2020,4,9,1
548760,7,64.56,2020,3,2,1
594080,7,75.2,2020,4,2,1
476862,7,53.58,2020,3,1,1
386163,7,36.09,2020,2,9,1
404616,7,43.98,2020,2,2,1
267456,7,27.86,2020,1,4,1
301410,7,33.49,2022,2,5,1
461760,7,62.4,2022,4,3,1
346205,7,40.73,2022,2,1,1
402979,7,51.01,2022,3,4,1
497002,7,60.61,2020,3,8,1
520494,7,66.73,2020,3,3,1
349000,8,51.13,1960,3,4,0
619000,8,70.0,2011,3,4,2
360000,8,43.0,1973,2,0,2
353803,8,35.03,2022,2,1,1
360000,8,38.0,1978,2,4,2
799000,8,69.0,2019,5,2,2
259000,7,30.57,1973,1,4,2
435000,7,51.0,2020,3,2,1
335000,8,46.5,1955,2,2,0
519000,7,63.0,1988,3,3,2
544000,8,64.0,1989,3,0,2
439000,8,50.0,1960,3,0,2
530000,7,48.25,2020,3,1,2
550000,8,48.0,2015,2,7,2
364000,7,41.09,1973,2,1,2
412000,8,36.0,2018,1,0,1
329000,8,35.91,1970,2,1,2
415000,8,39.0,1960,2,5,2
429000,8,48.32,1958,2,0,2
375000,8,47.0,1976,3,1,0
320000,8,36.0,1970,2,1,2
530000,7,48.5,2020,3,5,2
560454,8,64.42,2022,4,4,1
577538,8,59.54,2022,3,5,1
394345,8,41.51,2022,2,5,1
414578,8,42.74,2022,2,5,1
533985,8,55.05,2022,3,5,1
309677,8,32.77,2022,2,1,1
357204,8,35.02,2022,2,1,1
351208,8,33.77,2022,2,1,1
390530,8,39.85,2022,2,1,1
311315,8,32.77,2022,2,2,1
361415,8,35.26,2022,2,2,1
354255,8,33.9,2022,2,2,1
393114,8,39.91,2022,2,2,1
312954,8,32.77,2022,2,3,1
363178,8,35.26,2022,2,3,1
355950,8,33.9,2022,2,3,1
395109,8,39.91,2022,2,3,1
619458,8,72.03,2022,4,4,1
358595,8,33.99,2022,2,4,1
397403,8,39.94,2022,2,4,1
700922,8,72.26,2022,4,5,1
559845,8,64.35,2022,4,5,1
426955,8,50.23,2022,3,1,1
349248,8,34.24,2022,2,1,1
350574,8,34.37,2022,2,1,1
605358,8,71.64,2022,4,1,1
429044,8,46.89,2022,2,1,1
399329,8,50.23,2022,3,2,1
353010,8,34.44,2022,2,2,1
612425,8,72.05,2022,4,2,1
433872,8,47.16,2022,2,2,1
401840,8,50.23,2022,3,3,1
354732,8,34.44,2022,2,3,1
356380,8,34.6,2022,2,3,1
616028,8,72.05,2022,4,3,1
436230,8,47.16,2022,2,3,1
403547,8,50.13,2022,3,4,1
356558,8,34.45,2022,2,4,1
358731,8,34.66,2022,2,4,1
603204,8,71.81,2022,4,4,1
438495,8,47.15,2022,2,4,1
606042,8,70.47,2022,4,5,1
403920,8,39.6,2022,2,5,1
622541,8,71.97,2022,4,5,1
587448,8,81.59,2018,3,1,1
497268,7,65.43,2021,4,1,2
466732,7,59.08,2021,3,1,2
384788,7,50.63,2021,3,1,2
366168,7,48.18,2021,2,1,2
385548,7,50.73,2021,2,1,2
794885,7,87.35,2020,4,9,1
381498,7,48.91,2020,2,0,1
492896,7,67.52,2021,2,9,1
385440,7,48.18,2021,2,0,1
451962,7,59.08,2021,3,0,1
330000,8,30.5,2015,1,3,2
341500,16,34.41,2019,2,0,2
255000,16,32.2,1970,2,2,0
480000,16,56.59,2002,3,0,1
345000,16,34.0,2019,2,0,2
480000,16,56.6,2002,3,0,1
255000,16,32.2,1970,2,2,0
341500,16,34.41,2019,2,0,2
255000,16,32.2,1970,2,2,0
374204,16,55.03,2020,3,2,1
374748,16,55.11,2020,3,2,1
360528,16,48.72,2020,3,0,1
255000,16,32.2,1970,2,2,2
469000,16,52.48,2014,2,3,2
255000,16,32.2,1970,2,2,0
195000,16,27.0,1965,1,2,1
231000,16,30.8,2021,2,3,1
370000,16,47.6,1970,2,3,2
341500,16,34.5,2019,2,0,1
319000,16,33.37,1965,3,0,2
341500,16,34.2,2019,2,0,2
255000,16,32.2,1970,2,2,0
355000,16,47.0,1960,2,0,1
355000,16,46.0,1960,2,0,2
355000,16,46.6,1960,2,0,0
355000,16,47.0,1970,2,0,0
257000,16,35.0,1963,2,3,2
374418,16,61.38,2022,3,1,1
255000,16,32.2,1970,2,2,2
341500,16,34.2,2019,2,0,2
409305,16,62.97,2022,4,1,1
369840,16,61.64,2022,3,0,1
257000,16,36.0,1963,2,3,0
402560,16,69.9,2022,3,3,1
257076,16,34.74,2022,2,3,1
364352,16,56.93,2022,3,3,1
435960,16,69.2,2022,4,2,1
272664,16,37.87,2022,2,2,1
373442,16,61.22,2022,3,2,1
436779,16,69.33,2022,4,1,1
270013,16,38.03,2022,2,1,1
374418,16,61.38,2022,3,1,1
451555,16,69.47,2022,4,0,1
271646,16,38.26,2022,2,0,1
369840,16,61.64,2022,3,0,1
303945,16,44.05,2022,2,3,1
252858,16,34.17,2022,2,3,1
370045,16,56.93,2022,3,3,1
322320,16,47.4,2022,2,2,1
267912,16,37.21,2022,2,2,1
385686,16,61.22,2022,3,2,1
323272,16,47.54,2022,2,1,1
265185,16,37.35,2022,2,1,1
374418,16,61.38,2022,3,1,1
324632,16,47.74,2022,2,0,1
270648,16,37.59,2022,2,0,1
369840,16,61.64,2022,3,0,1
375738,16,56.94,2022,3,3,1
256114,16,34.61,2022,2,3,1
299805,16,43.45,2022,2,3,1
259594,15,32.86,2020,2,0,1
433000,15,53.81,2018,3,2,2
509000,15,80.0,2018,3,0,1
430000,15,77.0,1994,3,2,1
428500,15,67.57,2016,3,2,1
447000,15,66.96,2016,4,1,1
371000,15,57.91,2016,3,3,1
347652,15,64.66,2020,4,1,1
259594,15,32.86,2020,2,0,1
319000,15,52.5,2020,3,1,1
399000,15,51.43,2009,2,0,2
592500,15,79.0,2013,3,3,2
433000,15,53.81,2018,3,2,2
447500,15,66.96,2016,4,1,1
426500,15,67.57,2016,3,2,1
371000,15,57.91,2016,3,3,1
592500,15,79.0,2013,3,3,2
480000,15,61.0,2008,2,3,2
499000,15,85.0,2019,4,1,1
379000,15,43.38,2018,2,0,2
540000,15,100.0,2019,5,1,1
619000,15,88.0,1960,4,1,0
519000,15,100.0,2019,4,1,1
479000,15,100.0,2019,4,1,1
330000,15,80.2,1976,3,1,0
408000,15,49.84,2016,3,2,2
540000,15,100.0,2019,5,1,1
448500,15,67.0,2016,3,2,2
452000,15,67.0,2016,2,2,2
350000,15,70.0,2006,3,2,2
290000,15,43.74,2021,3,0,1
280000,15,44.28,2021,2,0,1
290000,15,43.74,2021,3,0,1
290000,15,43.74,2021,3,0,1
280000,15,44.28,2021,2,0,1
290000,15,43.74,2021,3,0,1
344000,15,67.17,2021,3,1,1
325000,15,63.48,2021,2,1,1
344000,15,67.71,2021,3,1,1
344000,15,67.71,2021,3,1,1
325000,15,63.48,2021,2,1,1
344000,15,67.71,2021,3,1,1
420000,15,43.38,2018,2,0,2
543000,3,49.28,2020,3,0,2
510000,3,53.5,2015,3,1,2
93000,3,39.0,2000,1,0,0
239000,3,15.0,1927,1,1,1
239000,3,15.21,1927,1,2,1
247590,3,18.34,1950,1,1,2
247590,3,18.34,1924,1,1,0
260000,3,32.0,2019,2,2,2
266500,3,31.59,2020,1,1,1
269500,3,31.49,2020,1,3,1
275000,3,30.43,2013,2,1,2
277000,3,27.96,2020,1,2,1
277000,3,27.96,2020,1,2,2
283000,3,41.0,2021,2,0,1
284175,3,21.05,1950,1,1,2
284175,3,21.05,1924,1,1,0
290000,3,27.05,2012,1,1,2
290000,3,27.9,2004,2,6,0
290000,3,27.9,2001,2,6,0
295000,3,50.0,2021,2,1,1
299000,3,23.0,2020,1,3,2
299900,3,36.0,2020,2,2,1
299900,3,35.8,2020,1,2,1
299900,3,35.8,2020,1,2,2
299900,3,36.0,2020,1,2,0
299900,3,35.8,2020,1,2,1
300000,3,29.0,2019,1,2,2
305000,3,33.0,2000,1,1,2
313775,3,35.86,2021,2,2,1
314737,3,35.97,2021,2,2,1
314737,3,35.97,2021,2,2,1
315000,3,34.0,2003,1,6,0
318000,3,20.0,2020,1,2,2
319000,3,34.84,2004,1,1,2
319000,3,35.0,2004,1,1,2
320000,3,33.14,2001,1,0,2
320000,3,33.0,2001,1,0,2
320000,3,33.14,2002,1,0,2
324025,3,49.85,2020,2,0,1
325000,3,36.84,2020,2,0,1
579000,3,63.32,1996,3,0,2
325500,3,18.7,2020,1,3,2
325500,3,18.6,2020,1,1,2
325500,3,18.6,2020,1,2,2
459000,2,40.88,2021,2,8,1
367900,2,35.93,2020,2,2,1
249000,2,20.0,1970,1,7,2
284000,2,22.6,2019,1,1,1
287528,2,22.64,2019,1,1,2
287528,2,22.64,2019,1,2,2
299000,2,27.41,2021,1,2,1
299000,2,27.41,2021,1,1,1
299000,2,27.5,2021,1,6,1
299000,2,27.5,2021,1,5,1
302111,2,29.33,2021,1,1,1
307395,2,37.95,2022,2,3,1
310000,2,27.5,2021,2,2,1
315000,2,29.33,2021,1,6,1
317643,2,29.33,2021,1,2,1
319000,2,37.77,1975,2,4,2
319000,2,29.33,2021,1,3,1
327000,2,35.04,2020,2,0,1
327000,2,35.3,2020,2,0,1
328476,2,35.32,2021,2,0,1
330536,2,44.84,2022,2,1,1
335000,2,29.0,2021,1,10,1
245000,1,34.0,2020,2,1,1
265000,1,28.3,1999,2,2,2
135000,1,13.0,2020,1,0,2
160000,1,19.0,2020,1,0,2
170000,1,66.6,2002,3,1,2
184500,1,23.76,2022,2,3,1
195000,1,25.6,1975,1,0,2
208402,1,26.38,2022,1,3,1
209000,1,22.0,2019,1,2,2
231000,1,32.0,2020,1,0,1
233000,1,37.69,2021,2,3,1
236000,1,32.5,2020,1,4,1
243066,1,35.93,2020,2,0,1
243800,1,31.46,2022,2,0,1
243800,1,31.46,2022,2,1,1
243800,1,31.44,2022,2,0,1
244499,1,35.98,2020,2,1,1
245000,1,34.0,2020,2,1,1
245000,1,36.02,2020,2,2,1
245500,1,36.0,2020,2,2,1
249500,1,34.4,2021,2,3,1
249900,1,35.0,2021,2,4,1
250000,1,34.34,2021,2,5,1
250900,1,35.43,2021,2,1,1
253300,1,34.25,2021,2,3,1
254000,1,28.5,2020,1,1,1
254983,1,34.44,2021,2,4,1
255000,1,28.5,2020,1,1,1
255000,1,39.23,2022,2,3,1
255000,1,34.12,2021,2,4,1
255000,1,34.34,2021,2,4,1
255000,1,28.5,2022,1,1,1
255833,1,34.34,2021,2,4,1
255833,1,34.34,2021,2,4,1
256000,1,38.0,2020,2,1,1
256421,1,37.77,2021,2,4,2
256578,1,34.44,2021,2,2,1
257472,1,34.56,2021,2,0,1
259000,1,34.78,2021,2,0,1
259111,1,34.78,2021,2,0,1
259111,1,34.78,2021,2,0,1
259500,1,36.0,2021,2,4,1
262000,1,36.0,2021,2,0,1
262000,1,36.0,2020,2,4,1
263000,1,36.0,2021,2,0,1
264000,1,34.25,2021,2,2,1
265000,1,38.0,2019,2,0,1
265000,1,28.3,1999,2,2,2
265000,1,36.01,2020,2,0,1
266338,1,35.75,2021,2,2,1
266934,1,35.83,2021,2,0,1
268900,1,37.0,2021,2,2,1
269000,1,35.36,1980,1,3,0
209000,1,22.0,2019,1,2,2
399000,1,48.0,2020,3,0,2
618750,1,62.5,2014,3,6,2
270782,1,52.08,2022,2,0,1
271200,1,43.04,2022,2,0,1
272000,1,35.93,2020,2,0,1
272400,1,40.86,2022,2,0,1
273000,1,37.5,2021,2,0,1
274000,1,33.72,2020,2,1,1
274000,1,38.0,2020,2,4,1
274980,1,36.91,2021,2,4,1
275948,1,37.04,2021,2,3,1
277000,1,37.44,2020,2,1,1
277364,1,37.23,2021,2,2,1
277438,1,37.24,2021,2,0,1
277885,1,37.3,2021,2,1,1
279747,1,37.55,2021,2,4,2
280000,1,34.0,2020,2,0,2
283000,1,39.0,2020,2,0,1
283000,1,38.01,2021,2,1,1
283860,1,37.35,2021,2,0,1
284665,1,38.21,2021,2,0,1
284665,1,38.21,2021,2,0,1
284900,1,40.0,2021,2,0,1
288368,1,43.04,2022,2,3,1
289000,1,28.0,2020,1,5,1
290000,1,37.0,1970,2,1,0
290000,1,37.0,1975,2,1,0
290000,1,34.0,2020,2,0,2
290000,1,36.38,1975,2,1,0
290000,1,36.0,1980,2,1,0
290000,1,32.0,2008,1,1,2
290000,1,34.0,2020,2,0,1
292859,1,39.31,2021,2,0,2
293046,1,57.46,2022,3,3,1
293046,1,57.46,2022,3,0,1
294573,1,39.54,2021,2,0,1
295500,1,36.5,2005,1,3,2
295500,1,36.8,2005,1,4,2
295500,1,36.5,2005,1,3,2
290000,1,32.0,2008,1,1,2
375000,1,46.9,2013,2,2,2
302500,1,34.02,2021,2,3,1
305000,1,34.0,2019,2,3,2
305000,1,34.0,2020,2,0,2
317500,1,36.5,2005,1,3,2
317550,1,36.8,2005,1,3,2
318000,1,49.0,2020,3,3,1
318000,1,50.0,2020,3,0,1
318000,1,46.0,2020,2,4,1
319999,1,49.07,2020,3,2,1
319999,1,49.01,2020,3,2,1
320000,1,32.5,1980,1,6,2
320000,1,36.9,2005,2,3,2
324000,1,35.25,2021,2,2,1
325000,1,50.04,2022,3,2,1
326000,1,48.0,2020,2,2,1
327000,1,52.0,2020,3,4,1
327139,1,50.98,2021,3,4,2
327500,1,36.84,2021,2,1,1
209000,1,22.0,2019,1,2,2
539000,1,55.12,2011,2,1,2
655000,1,68.0,1975,6,3,2
669000,1,76.8,2014,4,1,2
759000,1,69.0,2014,3,0,2
820000,1,97.2,2008,5,3,2
850000,1,81.88,2001,3,3,0
874104,1,156.09,2020,5,1,1
875336,1,156.31,2020,5,1,1
875896,1,156.41,2020,5,1,1
966000,1,92.0,2000,4,3,2
295000,3,50.0,2021,2,1,1
93000,3,39.0,2000,1,0,0
239000,3,15.0,1927,1,1,1
239000,3,15.21,1927,1,2,1
247590,3,18.34,1950,1,1,2
247590,3,18.34,1924,1,1,0
260000,3,32.0,2019,2,2,2
266500,3,31.59,2020,1,1,1
269500,3,31.49,2020,1,3,1
275000,3,30.43,2013,2,1,2
277000,3,27.96,2020,1,2,1
277000,3,27.96,2020,1,2,2
283000,3,41.0,2021,2,0,1
284175,3,21.05,1950,1,1,2
284175,3,21.05,1924,1,1,0
290000,3,27.05,2012,1,1,2
290000,3,27.9,2004,2,6,0
290000,3,27.9,2001,2,6,0
295000,3,50.0,2021,2,1,1
299000,3,23.0,2020,1,3,2
299900,3,36.0,2020,2,2,1
299900,3,35.8,2020,1,2,1
299900,3,35.8,2020,1,2,2
299900,3,36.0,2020,1,2,0
299900,3,35.8,2020,1,2,1
300000,3,29.0,2019,1,2,2
305000,3,33.0,2000,1,1,2
313775,3,35.86,2021,2,2,1
314737,3,35.97,2021,2,2,1
315000,3,34.0,2003,1,6,0
318000,3,20.0,2020,1,2,2
319000,3,34.84,2004,1,1,2
319000,3,35.0,2004,1,1,2
320000,3,33.14,2001,1,0,2
320000,3,33.0,2001,1,0,2
320000,3,33.14,2002,1,0,2
324025,3,49.85,2020,2,0,1
325000,3,36.84,2020,2,0,1
357000,3,20.41,2020,2,4,2
525000,3,54.06,2007,2,1,2
581112,3,46.12,2020,2,1,1
325500,3,18.7,2020,1,3,2
325500,3,18.6,2020,1,1,2
325500,3,18.6,2020,1,2,2
327381,3,37.63,2021,2,2,1
329000,3,35.0,2020,2,0,2
329000,3,35.0,2020,2,0,2
329730,3,37.9,2021,2,2,1
329904,3,37.92,2021,2,2,1
329904,3,37.92,2021,2,2,1
330000,3,36.84,2020,2,0,1
335000,3,37.0,2020,2,0,1
336273,3,50.19,2021,2,1,1
336273,3,50.19,2021,2,1,1
336273,3,50.19,2021,2,2,1
337000,3,37.36,2015,2,0,2
339150,3,19.38,2020,1,2,2
344000,3,38.3,2013,2,2,2
344825,3,53.05,2020,2,0,1
346311,3,50.19,2022,2,3,1
346311,3,50.19,2021,2,3,1
346311,3,50.19,2021,2,4,1
347700,3,61.0,2021,3,1,1
349000,3,35.94,2021,2,4,1
349000,3,35.27,2021,2,4,1
349000,3,31.0,1900,1,0,2
349000,3,35.94,2020,2,4,1
349000,3,35.27,2020,2,4,1
349184,3,56.32,2020,2,1,1
349472,3,52.16,2020,3,1,1
355000,3,23.0,2019,1,0,2
355550,3,54.7,2021,2,0,1
357000,3,20.41,2020,2,4,2
359999,3,32.85,1985,2,5,2
360585,3,26.71,1950,2,1,2
360585,3,26.71,1924,2,1,2
449000,3,48.0,2005,2,1,2
469000,3,46.91,1958,3,1,2
364000,3,41.0,2020,2,3,1
364803,3,52.87,2020,3,3,1
365000,3,28.61,2013,2,1,2
365965,3,40.89,2021,2,1,1
366000,3,40.5,2020,2,3,1
366000,3,41.0,2020,2,3,1
366144,3,40.91,2021,2,1,1
366804,3,53.16,2021,3,3,1
368046,3,53.34,2020,2,4,1
368046,3,53.34,2020,2,3,1
369000,3,30.0,1985,2,5,2
369000,3,41.0,2004,2,1,2
370000,3,32.9,1985,2,5,2
370000,3,41.3,2021,2,0,1
370642,3,39.43,2021,2,0,1
373290,3,54.1,2021,2,4,1
374285,3,43.27,2021,2,2,1
374285,3,43.27,2021,2,2,2
374285,3,43.27,2021,2,2,1
378820,3,58.28,2020,3,0,1
379000,3,48.0,2006,2,3,2
379000,3,35.43,2021,1,0,1
380000,3,41.06,2020,2,2,1
382800,3,58.0,2021,3,0,1
383240,3,57.2,2021,3,1,1
383575,3,57.25,2021,3,1,1
385000,3,36.68,2020,2,1,1
385000,3,52.0,2000,2,0,2
385357,3,44.55,2021,2,2,1
385357,3,44.55,2021,2,2,1
389999,3,56.53,2020,3,1,1
390000,3,28.0,1890,2,2,1
390000,3,35.0,2010,2,4,2
397854,3,57.66,2021,3,3,1
397992,3,43.26,2021,2,1,1
398000,3,46.25,2021,3,3,1
399000,3,51.84,1992,2,1,0
399000,3,41.11,2020,2,1,1
399000,3,41.0,2010,3,0,2
680000,3,73.0,1998,3,0,2
1850000,3,135.8,1995,3,0,2
1849999,3,150.0,1999,3,0,2
2100000,3,200.0,2009,5,0,2
2130000,3,115.0,2020,6,1,1
2188800,3,115.0,2020,5,2,1
2247180,3,115.0,2020,5,3,1
2300000,3,112.0,2020,6,4,1
2366725,3,115.5,2019,5,2,1
2366725,3,115.5,2019,5,2,1
2367000,3,115.5,2020,5,2,1
2367750,3,115.0,2019,3,2,1
2367750,3,115.5,2019,3,3,1
2367750,3,115.5,2019,4,2,1
2367750,3,115.5,2019,5,2,1
2728250,3,155.9,2021,5,0,1
2800000,3,111.0,2015,3,4,2
2800000,3,200.0,2014,4,4,2
2868075,3,163.89,2021,5,1,1
2868250,3,163.9,2020,5,1,1
552865,2,71.81,2022,3,0,1
249000,2,20.0,1970,1,7,2
284000,2,22.6,2019,1,1,1
287528,2,22.64,2019,1,1,2
287528,2,22.64,2019,1,2,2
299000,2,27.41,2021,1,2,1
299000,2,27.41,2021,1,1,1
299000,2,27.5,2021,1,6,1
299000,2,27.5,2021,1,5,1
302111,2,29.33,2021,1,1,1
307395,2,37.95,2022,2,3,1
310000,2,27.5,2021,2,2,1
315000,2,29.33,2021,1,6,1
317643,2,29.33,2021,1,2,1
319000,2,37.77,1975,2,4,2
319000,2,29.33,2021,1,3,1
327000,2,35.04,2020,2,0,1
327000,2,35.3,2020,2,0,1
328476,2,35.32,2021,2,0,1
330536,2,44.84,2022,2,1,1
335000,2,29.0,2021,1,10,1
340000,2,32.32,2021,1,1,1
345000,2,32.21,2021,1,3,1
345941,2,33.31,2021,1,3,1
365519,2,43.78,2022,2,2,1
550000,2,61.2,2001,3,3,2
730000,2,108.0,2020,3,2,1
349000,2,32.5,2020,2,1,1
350207,2,44.33,2022,2,1,1
355000,2,35.0,2011,2,3,1
365000,2,34.0,1949,2,0,0
365000,2,43.78,2022,2,2,1
365000,2,41.0,2008,2,2,2
365519,2,43.78,2022,2,2,1
365519,2,43.78,2022,2,2,1
367900,2,35.93,2020,2,2,1
369000,2,38.0,1980,2,9,0
371000,2,30.0,2019,1,0,2
378860,2,49.85,2022,3,3,1
381120,2,39.7,2020,2,1,1
381120,2,39.7,2020,2,1,1
385000,2,36.0,2021,2,5,1
386900,2,36.0,2021,2,6,1
389000,2,28.6,2019,1,2,2
399000,2,28.46,2019,1,1,2
399000,2,28.0,2018,1,2,2
399000,2,28.4,2019,1,2,2
399000,2,64.0,2021,4,0,1
399000,2,41.31,2021,2,3,1
399000,2,36.7,2021,2,5,1
399000,2,36.5,2021,2,9,1
399000,2,28.5,2018,1,2,2
450000,2,47.0,2017,2,2,2
799999,2,65.0,2019,3,2,1
565000,2,56.76,2021,3,3,1
406351,2,58.3,2019,3,2,1
408312,2,56.71,2019,3,0,2
408336,2,43.44,2020,3,2,1
409000,2,28.6,2019,1,2,2
409464,2,56.87,2019,3,3,2
409473,2,36.43,2021,2,10,2
410000,2,36.7,2021,2,3,1
410000,2,35.0,2020,2,3,1
413783,2,48.12,2020,2,3,1
415000,2,37.91,2006,1,0,2
415000,2,28.46,2019,1,2,2
415000,2,38.0,2006,1,0,2
415808,2,56.96,2020,3,0,1
418944,2,43.64,2020,2,1,1
425000,2,42.0,2021,2,2,1
426000,2,53.32,1955,2,4,0
427900,2,42.81,2021,2,1,1
429000,2,28.4,2019,1,2,2
429324,2,56.49,2022,3,1,1
430000,2,38.0,2015,1,0,2
430000,2,37.93,2006,1,0,2
439000,2,46.0,1980,3,3,2
439732,2,46.78,2020,3,2,1
439999,2,53.0,1972,3,4,0
440000,2,53.0,1990,3,4,0
440000,2,53.0,1970,3,4,0
440000,2,53.0,1972,3,4,0
440000,2,53.0,1982,3,4,0
440000,2,53.0,1976,3,4,0
440000,2,53.0,1976,3,4,0
446069,2,64.93,2019,4,1,2
449000,2,42.47,2021,3,7,1
449000,2,41.3,2021,2,9,1
449000,2,76.0,2021,4,0,1
449900,2,126.0,2021,4,1,1
450000,2,45.0,1978,3,1,2
450000,2,47.0,2017,2,2,2
459000,2,40.88,2021,2,8,1
799999,2,65.0,2019,3,2,1
1272770,2,107.0,2021,5,1,1
1305296,2,108.0,2021,5,2,1
1348629,2,112.0,2021,3,3,1
1499000,2,161.0,1998,4,1,2
1840000,2,137.91,2008,3,10,2
2449000,2,169.35,2017,6,1,2
6400000,2,441.0,2020,8,3,1
350000,6,47.1,1978,3,7,0
187000,6,21.74,2020,1,1,1
207900,6,17.0,2020,1,0,2
249000,6,26.0,1960,1,0,2
249000,6,29.38,1950,1,1,2
289000,6,35.0,1920,2,2,1
315000,6,26.02,1960,1,1,2
320000,6,30.0,1980,2,3,2
330000,6,29.97,1976,2,3,2
348000,6,39.0,2000,1,1,2
350000,6,47.1,1978,3,7,0
366000,6,40.51,2020,2,3,1
366000,6,40.51,2019,2,3,1
374000,6,44.2,2000,2,1,2
378000,6,32.85,1985,2,5,2
387000,6,45.57,2020,3,1,1
390000,6,42.5,1990,2,4,2
405000,6,56.0,1980,3,5,2
405000,6,41.05,2021,2,0,1
407000,6,43.28,2021,2,1,1
422000,6,43.4,2021,2,2,1
430000,6,43.26,2021,2,0,1
449999,6,50.41,1982,2,10,2
450000,6,50.41,1983,2,10,1
450000,6,34.0,2020,2,1,2
450000,6,50.41,1983,2,10,2
891660,4,81.06,2022,3,3,1
125000,4,19.89,1980,1,2,1
125000,4,19.06,1980,1,2,1
125000,4,15.0,2020,1,2,1
170000,4,17.92,1980,1,0,1
175000,4,18.0,2020,1,0,1
187000,4,19.92,1980,1,2,1
195000,4,20.0,2020,1,0,1
195000,4,20.0,1970,1,1,1
195000,4,20.0,2020,1,0,1
220000,4,19.0,1960,1,0,2
221825,4,23.35,1980,1,0,1
229000,4,50.0,2003,2,3,2
229000,4,50.0,2003,2,3,2
240000,4,25.0,1980,1,0,2
247190,4,26.02,1980,2,1,1
249000,4,24.62,1950,1,4,0
255000,4,22.0,2000,1,4,2
280000,4,24.0,1970,1,2,2
294000,4,26.0,1970,1,9,2
294000,4,24.0,1960,1,9,2
294000,4,26.0,1970,1,9,2
294000,4,24.0,1971,1,9,2
299000,4,34.1,1970,2,4,2
305000,4,24.0,1960,1,2,2
319900,4,25.0,1892,1,0,0
319900,4,25.5,1930,1,0,1
321544,4,29.14,2020,1,2,1
321544,4,29.14,2020,2,4,1
321544,4,29.14,2020,2,4,1
321751,4,29.16,2020,1,4,2
339999,4,36.44,1960,2,0,2
345000,4,39.2,1979,2,4,0
346970,4,26.69,2021,1,1,1
346970,4,26.69,2021,1,1,1
349000,4,37.0,1970,2,4,2
350000,4,39.0,1960,2,0,0
379000,4,33.6,1975,2,2,2
350697,4,25.23,2020,1,3,1
350697,4,25.23,2020,1,3,1
355000,4,37.2,1990,2,1,2
357000,4,38.0,1979,2,0,0
359000,4,36.4,1971,2,2,0
359000,4,36.4,1971,2,2,0
359040,4,28.05,2022,1,1,1
359040,4,28.05,2022,1,1,1
359040,4,28.05,2021,1,1,1
359168,4,28.06,2022,1,3,1
363500,4,31.88,2021,1,0,1
365000,4,27.87,2018,1,2,2
365000,4,26.0,2021,1,0,2
368011,4,27.67,2021,1,2,1
368011,4,27.67,2020,1,3,1
368011,4,27.67,2020,1,2,1
370000,4,39.0,1962,2,0,2
370000,4,26.0,2021,1,1,1
375500,4,29.94,2019,1,1,2
375830,4,31.85,2021,1,0,1
375830,4,31.85,2021,1,0,1
379000,4,33.6,1975,2,2,2
380000,4,39.15,1960,2,0,0
380000,4,39.15,1960,2,0,2
382760,4,27.34,2021,1,6,1
387000,4,35.0,1920,2,0,2
390000,4,39.15,1960,2,0,0
390000,4,25.0,2020,1,0,1
390625,4,31.25,2020,1,3,1
391286,4,29.42,2021,1,2,1
391818,4,34.37,2021,2,3,1
405000,4,36.4,1960,2,2,2
891660,4,81.06,2022,3,3,1
398370,4,37.94,2020,2,3,2
399000,4,44.0,1962,2,1,2
399000,4,32.0,1920,2,3,2
405000,4,26.0,2021,1,1,1
405000,4,26.0,2020,1,1,1
405000,4,26.0,2021,1,0,1
405000,4,36.4,1960,2,2,2
405000,4,50.5,1962,2,4,0
405118,4,30.46,2021,1,2,1
410000,4,24.0,2016,1,1,2
415000,4,34.21,1988,1,5,0
419106,4,30.37,2020,1,6,2
419106,4,30.37,2020,1,6,1
419106,4,30.37,2020,1,6,1
419106,4,30.37,2020,1,6,1
419456,4,32.77,2022,1,4,1
420000,4,53.34,1960,2,4,0
420000,4,53.5,1960,2,4,0
420000,4,53.5,1960,2,4,0
420000,4,53.3,1980,2,4,0
425600,4,32.0,2021,1,3,1
425985,4,40.57,2020,2,2,2
432480,4,31.8,2020,1,0,1
432480,4,31.8,2020,1,0,1
432480,4,31.8,2020,1,0,1
432480,4,31.8,2020,1,0,2
433846,4,32.62,2022,1,3,1
435000,4,28.0,2020,1,2,1
435660,4,31.8,2020,1,4,1
435660,4,31.8,2020,1,4,1
435841,4,32.77,2022,1,8,1
438000,4,49.3,1980,2,2,0
379000,4,33.6,1975,2,2,2
990000,4,70.5,2008,3,6,2
1125000,4,80.8,2010,3,5,2
1610393,4,113.01,2021,4,8,1
1618878,4,117.31,2022,3,9,1
1618878,4,117.31,2021,4,9,1
1633500,4,108.9,2020,4,8,2
1750000,4,74.4,2018,4,7,2
1750000,4,140.65,2014,4,4,2
1850000,4,140.65,2014,4,4,2
1862000,4,133.0,2012,4,4,2
1987979,4,129.51,2022,4,8,1
1987979,4,129.51,2022,4,8,1
1999000,4,99.95,2020,4,10,1
2275484,4,148.24,2022,4,9,1
2275484,4,148.24,2020,5,9,1
2300000,4,115.0,2014,5,7,2
2350000,4,195.0,2000,7,6,2
2350000,4,195.0,2000,7,6,2
2350000,4,195.0,2000,7,6,2
2350000,4,195.0,2000,7,6,2
2350000,4,195.0,2000,7,6,2
2921800,4,146.09,2020,4,2,1
2921800,4,146.09,2020,5,2,1
3239000,4,239.99,2018,8,0,2
5633750,4,225.35,2020,6,7,1
550000,9,62.0,1985,3,1,2
150000,9,16.0,1930,1,0,2
525000,9,56.19,2005,2,2,2
436411,9,42.37,2022,3,4,1
255000,9,27.8,1900,1,2,2
550000,9,62.0,1985,3,1,2
570000,9,58.01,2018,3,0,2
637000,9,63.81,2011,3,2,2
379000,9,37.62,2021,2,0,1
379000,9,44.5,2020,2,0,1
369000,9,39.0,2020,2,3,1
379000,9,35.43,2020,1,0,1
449000,9,45.2,2020,2,1,1
461329,9,49.34,2020,2,6,1
494279,9,55.03,2020,3,1,1
329475,9,34.5,2020,1,1,1
675000,9,68.87,2007,4,1,2
429000,9,29.0,2020,1,3,2
850000,9,65.24,2014,3,2,2
649000,9,46.0,2009,2,1,2
563000,9,49.0,2017,2,2,2
550000,9,53.0,2009,3,0,2
760000,9,60.0,2017,3,4,2
295000,9,45.0,2019,2,1,1
499000,9,55.2,2020,3,1,1
1147000,9,74.0,2018,3,1,2
760000,9,79.6,2014,5,1,2
450000,9,34.6,2020,2,1,2
649000,9,67.55,2021,3,2,1
549000,9,62.66,2021,2,5,1
449000,9,40.99,2021,2,2,1
769000,9,88.73,2021,4,0,1
399000,9,44.21,2021,2,2,1
780000,9,67.88,2017,3,2,2
299900,9,36.0,2020,1,2,1
417999,9,48.0,2010,2,7,2
759900,9,60.0,2017,3,4,2
570000,9,50.5,1955,2,3,0
320000,9,36.0,1999,1,3,2
449000,9,34.66,2020,2,1,2
349000,9,32.4,1920,1,1,2
596000,9,54.36,2021,3,5,1
263954,9,36.0,2021,2,4,1
405000,9,32.5,1950,2,1,2
290000,9,32.0,2008,1,1,2
260023,9,37.77,2019,2,1,1
260023,9,37.77,2019,2,2,1
799000,9,61.0,2010,2,2,2
596775,9,54.75,2020,3,4,1
533000,9,41.0,2017,2,4,1
299000,9,35.34,2022,2,6,1
520354,9,49.09,2020,2,3,1
399616,9,35.68,2020,2,4,1
408009,9,35.51,2020,2,4,1
799000,9,60.37,2021,3,1,1
599000,9,51.0,2017,3,1,2
448162,9,48.45,2021,3,3,1
529000,9,54.3,1995,2,2,2
699000,9,50.0,2017,2,6,2
409000,9,44.21,2020,2,3,1
463055,9,50.06,2021,2,1,1
550523,9,63.94,2021,3,2,1
623084,9,74.98,2021,3,2,1
649886,9,76.01,2021,4,2,1
468061,9,50.06,2021,2,2,1
333960,9,34.5,2021,1,2,1
461329,9,49.34,2021,2,2,1
551384,9,64.04,2021,3,3,1
637232,9,74.53,2021,4,3,1
635549,9,76.48,2021,3,3,1
337410,9,34.5,2021,1,3,1
468061,9,50.06,2021,2,3,1
461329,9,49.34,2021,2,3,1
546821,9,63.51,2021,3,4,1
637232,9,74.53,2021,4,4,1
344310,9,34.5,2021,1,4,1
468061,9,50.06,2021,2,4,1
461329,9,49.34,2021,2,4,1
557618,9,63.51,2021,3,5,1
649886,9,76.01,2021,4,5,1
638080,9,74.98,2021,3,5,1
150000,9,16.0,1930,1,0,2
852000,9,83.11,1912,3,3,2
449000,9,41.0,2021,2,2,1
299840,9,30.95,2021,2,0,1
570000,9,46.0,2017,2,4,2
275000,9,32.55,1997,1,2,2
325000,9,32.0,2020,1,1,1
520000,9,56.19,2005,2,2,2
399000,9,42.47,2021,2,2,1
780000,9,68.0,2017,3,2,2
480000,9,51.76,2015,3,2,2
419000,9,54.0,1982,2,0,2
249000,9,26.91,2021,1,2,1
317550,9,36.8,2005,1,3,2
465000,9,49.2,2004,2,4,2
390000,9,28.0,1900,1,2,2
799000,9,58.0,1900,3,2,2
611881,9,76.01,2021,4,1,1
524947,9,63.94,2021,3,1,1
501000,9,58.58,2022,3,4,1
709000,9,69.15,2021,3,4,1
539000,9,50.19,2021,3,2,1
369000,9,28.29,2021,2,2,1
469000,9,38.97,2021,2,3,1
560000,9,72.5,1998,3,1,2
533000,9,41.0,2017,2,4,1
549000,9,76.48,2021,4,1,1
381000,9,53.05,2021,3,1,1
299000,9,36.49,2021,2,3,1
249000,9,28.6,2021,1,4,1
620000,9,56.0,2015,3,2,2
999000,9,77.0,2010,3,0,2
400000,9,50.0,2016,3,2,2
393805,9,35.51,2020,2,2,1
400907,9,35.51,2020,2,3,1
386676,9,33.83,2020,2,4,1
530172,9,49.09,2020,2,4,1
556976,9,49.73,2020,2,4,1
408000,9,47.0,1998,2,1,2
689000,9,72.0,2005,4,5,2
729000,9,58.51,2010,3,1,2
405000,9,56.05,2021,3,1,1
334000,9,39.24,2021,2,0,1
533000,9,41.0,2017,2,4,1
519000,9,61.82,2022,3,0,1
535000,9,38.32,2017,2,3,2
539000,9,31.14,2014,1,2,2
1999900,9,100.0,2016,3,6,2
2100000,9,147.0,2008,3,3,2
1167000,9,79.0,2008,3,3,2
2400000,9,152.0,2010,5,4,2
1760000,9,114.0,2017,5,2,2
1760000,9,92.88,2017,5,2,2
365000,7,50.3,1975,3,2,0
530000,7,48.25,2020,3,1,2
499000,7,67.0,2020,4,3,1
398000,7,51.0,2020,3,0,1
509000,7,67.3,2020,3,4,1
514437,7,66.81,2020,4,7,1
399999,7,47.6,1974,3,2,2
530000,7,48.5,2020,3,5,2
655000,7,66.0,2020,4,1,2
468000,7,60.0,1970,3,3,0
629000,7,63.0,2020,3,1,2
499000,7,56.0,1970,4,3,2
549000,7,64.0,1990,3,3,2
365000,7,50.3,1975,3,2,0
305000,7,31.5,2020,2,1,1
525096,7,72.93,2021,4,7,1
379800,7,50.64,2021,3,2,1
445519,7,61.03,2021,3,6,1
301410,7,33.49,2021,2,5,1
341615,7,40.19,2021,2,8,1
269010,7,29.89,2021,1,8,1
570000,7,63.0,1982,3,0,2
699000,7,72.31,2020,4,1,2
469000,7,47.24,2018,2,0,2
364200,7,36.42,2018,2,9,2
515964,7,67.89,2020,3,5,1
431357,7,59.09,2020,3,2,1
595000,7,59.0,2020,3,0,2
520870,7,79.54,2022,4,1,1
305000,7,31.48,2020,1,2,1
832195,7,91.45,2020,4,9,1
548760,7,64.56,2020,3,2,1
594080,7,75.2,2020,4,2,1
476862,7,53.58,2020,3,1,1
386163,7,36.09,2020,2,9,1
404616,7,43.98,2020,2,2,1
267456,7,27.86,2020,1,4,1
301410,7,33.49,2022,2,5,1
461760,7,62.4,2022,4,3,1
346205,7,40.73,2022,2,1,1
402979,7,51.01,2022,3,4,1
497002,7,60.61,2020,3,8,1
520494,7,66.73,2020,3,3,1
259000,7,30.57,1973,1,4,2
499000,7,56.0,1970,4,3,2
499000,7,56.0,1970,4,3,2
530000,7,48.25,2020,3,1,2
364000,7,41.09,1973,2,1,2
535000,7,47.0,2020,3,1,2
453816,7,51.57,2001,3,1,2
420000,7,44.0,1970,2,0,2
380000,7,36.0,2020,2,5,2
515814,7,66.13,2020,4,3,1
480573,7,59.33,2020,3,3,1
434790,7,48.31,2020,2,0,1
664884,7,96.36,2020,4,4,1
357124,7,46.99,2022,2,7,1
400846,7,50.74,2022,2,2,1
475000,7,39.59,2019,2,0,2
530000,7,48.5,2020,3,5,2
499000,7,56.0,1970,4,3,2
519000,7,63.0,1988,3,3,2
905632,7,99.52,2020,4,7,1
405455,7,48.85,2020,2,0,1
531726,7,68.17,2020,3,7,1
497002,7,48.17,2020,2,1,1
512694,7,65.73,2020,2,0,1
752265,7,103.05,2020,5,3,1
509175,7,67.89,2020,2,3,1
382958,7,52.46,2020,2,0,1
364000,7,41.0,1970,2,1,2
446000,7,48.0,1970,3,3,2
388563,7,43.98,2021,2,4,1
249999,7,28.0,1980,1,2,0
590000,7,75.0,1992,4,3,2
779000,7,81.5,2012,3,0,2
440000,7,56.0,2008,2,4,2
372000,7,47.0,1971,2,3,0
633000,7,63.0,2020,3,1,2
468000,7,60.0,1970,3,3,0
515964,7,67.89,2020,3,5,1
487713,7,66.81,2020,3,0,1
532928,7,60.56,2020,2,8,1
497268,7,65.43,2021,4,1,2
466732,7,59.08,2021,3,1,2
384788,7,50.63,2021,3,1,2
366168,7,48.18,2021,2,1,2
385548,7,50.73,2021,2,1,2
794885,7,87.35,2020,4,9,1
381498,7,48.91,2020,2,0,1
492896,7,67.52,2021,2,9,1
385440,7,48.18,2021,2,0,1
451962,7,59.08,2021,3,0,1
456358,9,61.67,2021,3,2,1
419000,9,52.2,1970,2,1,2
690000,9,90.0,2010,3,2,2
679700,9,60.5,2019,3,6,2
430000,9,48.23,2011,2,4,2
412000,9,51.3,2001,2,3,2
714000,9,68.0,2020,3,3,2
320000,9,35.75,2021,2,6,1
695000,9,62.0,2014,4,0,2
456358,9,61.67,2021,3,2,1
520000,9,60.0,1984,5,4,2
749000,9,84.17,2021,4,5,1
519000,9,55.2,2021,3,6,1
569000,9,68.66,2021,3,3,1
429000,9,44.21,2021,2,7,1
349000,9,35.35,2021,1,3,1
414999,9,60.62,1978,3,3,2
430000,9,53.8,1985,2,9,2
335000,9,44.0,2020,2,1,1
720000,9,82.7,1997,4,1,2
519000,9,62.28,2020,3,1,1
489000,9,53.0,2015,2,5,2
540000,9,57.36,2009,3,1,2
500000,9,62.0,1983,3,3,2
499000,9,70.4,1980,4,7,0
549000,9,78.9,1985,4,4,2
380000,9,49.3,1982,2,4,2
339000,9,31.14,2018,1,2,2
425000,9,60.0,2006,2,3,2
380000,9,49.3,1982,2,4,2
400000,9,42.6,2005,2,5,2
720000,9,82.7,1997,4,1,2
429000,9,49.34,1970,2,1,2
429000,9,49.34,1970,2,1,2
339000,9,31.14,2018,1,2,2
400000,9,42.6,2005,2,5,2
495000,9,50.0,2012,2,10,2
323046,9,47.16,2021,2,7,1
317228,9,44.68,2021,2,7,1
425409,9,61.21,2021,3,7,1
403378,9,58.04,2021,3,7,1
339990,9,48.57,2021,2,7,1
428680,9,61.24,2021,4,7,1
406096,9,59.72,2021,3,6,1
295120,9,42.16,2021,2,6,1
392679,9,56.91,2021,3,6,1
419288,9,61.21,2021,3,6,1
397574,9,58.04,2021,3,6,1
335133,9,48.57,2021,2,6,1
422556,9,61.24,2021,4,6,1
406096,9,59.72,2021,3,5,1
295120,9,42.16,2021,2,5,1
392679,9,56.91,2021,3,5,1
318330,9,47.16,2021,2,5,1
466785,9,67.65,2021,4,5,1
419288,9,61.21,2021,3,5,1
397574,9,58.04,2021,3,5,1
422556,9,61.24,2021,4,5,1
400124,9,59.72,2021,3,4,1
369915,9,56.91,2021,3,4,1
391770,9,58.04,2021,3,4,1
394152,9,59.72,2021,3,3,1
381297,9,56.91,2021,3,3,1
385966,9,58.04,2021,3,3,1
376415,9,57.91,2021,3,2,1
376415,9,57.91,2021,3,2,1
368214,9,55.79,2021,3,2,1
371188,9,56.67,2021,3,2,1
376415,9,57.91,2021,3,1,1
368214,9,55.79,2021,3,1,1
388873,9,59.37,2021,3,1,1
371188,9,56.67,2021,3,1,1
396264,9,60.04,2021,4,1,1
950000,9,134.0,2016,7,0,2
1149000,9,155.0,2016,7,0,2
437000,9,60.0,2006,2,4,2
739000,9,107.0,2018,3,1,1
599500,12,71.0,1984,4,1,2
504999,12,54.32,2008,2,1,2
599500,12,71.0,1984,4,1,2
519000,12,50.63,2022,3,1,1
891000,12,86.0,2022,3,3,1
1029000,12,103.5,2022,5,1,1
265000,12,25.78,1984,1,2,2
499000,12,58.0,2020,2,1,1
682000,12,82.44,2020,3,2,1
518958,12,50.63,2021,3,1,1
369000,12,45.67,1985,2,3,2
490000,12,58.0,1980,3,4,2
510000,12,53.0,1980,3,2,0
408000,12,49.0,1970,2,5,0
495000,12,60.0,2008,2,2,2
616308,12,70.84,2021,3,3,1
501587,12,57.92,2021,3,2,1
417000,12,43.0,2020,2,3,1
434630,12,44.35,2021,2,0,1
460000,12,52.5,1980,3,2,0
470000,12,52.5,1980,3,1,2
549000,12,55.3,1963,3,7,2
870000,12,94.0,1993,4,1,2
679000,12,50.0,2020,2,1,2
499000,12,34.0,2020,1,2,1
654000,12,43.34,2020,2,1,1
495000,12,59.0,2008,2,2,2
429000,12,50.0,1980,2,3,0
656850,12,65.35,1975,5,9,2
704000,12,64.0,1930,3,1,2
454999,12,45.63,1980,3,3,2
375000,12,34.1,1965,2,0,2
659000,12,66.61,2014,3,1,2
870000,12,103.0,2002,4,1,2
495000,12,58.0,1980,3,4,2
490000,12,41.0,2011,2,0,2
500000,12,66.0,2010,3,4,2
380000,12,48.4,1950,2,1,2
2500000,12,194.1,2017,5,4,0
530000,12,58.88,2015,3,0,2
495000,12,60.0,2008,2,2,2
870000,12,103.0,2002,4,1,2
490000,12,41.0,2011,2,0,2
870000,12,92.5,1993,4,1,1
1045000,12,200.0,1984,4,1,2
485000,12,57.3,2010,3,5,2
495000,12,60.0,2008,2,2,2
450000,12,52.0,1983,3,0,2
590000,12,81.5,1995,4,4,0
870000,12,94.0,1993,4,1,2
379000,12,45.78,1980,3,4,2
379000,12,29.3,2020,1,5,1
369000,12,41.0,1965,3,3,0
289000,12,32.0,1970,2,0,0
434630,12,44.35,2021,2,0,1
459000,12,44.0,1970,2,3,2
455124,12,32.98,2020,2,2,1
460000,12,53.0,2008,2,0,2
460012,12,46.94,2021,2,0,1
501587,12,57.92,2021,3,2,1
598000,12,50.8,2016,2,4,2
530000,12,58.88,2016,3,0,2
505000,12,53.0,1980,3,2,2
660000,12,65.87,1978,4,9,2
606001,12,68.09,2020,3,1,1
669814,12,75.26,2020,3,2,1
630476,12,70.84,2020,4,1,1
431000,12,45.12,2020,2,3,1
640000,12,61.01,2017,3,3,2
1190000,12,119.0,2008,5,10,2
306000,12,22.62,2021,2,2,1
446353,12,46.5,2021,2,4,1
311810,12,22.62,2021,2,5,1
221935,12,15.69,2021,1,0,1
310383,12,21.46,2021,2,5,1
370000,12,45.0,1999,2,3,2
704000,12,64.0,1930,3,1,2
590000,12,75.0,1937,4,2,2
629000,12,60.5,2010,3,0,2
725780,12,65.98,2019,3,3,2
2500000,12,194.1,2017,5,4,2
484000,12,34.0,2020,1,3,2
519000,12,54.32,2008,2,1,2
439000,12,45.12,2020,2,3,1
515000,12,53.0,1980,3,2,0
585000,12,54.0,2013,2,2,2
610000,12,45.0,2019,2,2,2
700000,12,58.26,2019,3,1,2
510000,12,53.0,1980,3,2,2
769000,12,52.3,2017,3,0,2
510000,12,54.32,2008,2,1,2
425000,12,52.5,1980,3,2,0
609526,12,60.04,2021,3,7,1
980254,12,83.27,2021,4,10,1
726243,12,60.04,2021,3,10,1
566343,12,59.59,2021,3,2,1
583588,12,60.04,2021,3,4,1
685000,12,75.0,2000,4,1,2
425000,12,32.0,2020,2,4,1
379000,12,45.37,1980,3,4,2
445000,12,51.87,1984,2,4,2
1350000,12,118.5,2008,5,10,2
870000,12,94.0,1993,4,1,2
2500000,12,194.1,2015,5,5,2
455000,12,51.87,1984,2,4,2
495000,12,65.0,2001,3,4,2
2500000,12,194.1,2017,5,4,2
524000,12,64.85,2004,3,2,2
226100,12,15.74,2021,1,0,1
629000,12,60.51,2010,3,0,2
436782,12,45.12,2021,2,1,1
953274,12,83.27,2021,4,9,1
967334,12,99.52,2021,5,7,1
648432,12,60.04,2021,3,8,1
540000,12,60.0,1985,3,8,2
525000,12,59.0,2015,3,0,2
818377,12,83.27,2021,4,7,1
872336,12,83.27,2021,4,8,1
470000,12,52.5,1980,3,1,2
689000,12,66.59,2014,3,3,2
676008,12,82.44,2020,3,2,2
480000,12,57.0,2000,3,2,2
446353,12,46.5,2021,2,4,1
676008,12,82.44,2021,3,5,1
550884,12,63.32,2021,3,0,1
431648,12,45.92,2021,2,0,1
525000,12,58.52,2004,2,2,2
517535,12,58.0,2021,3,0,1
616308,12,70.84,2021,4,5,1
671814,12,77.22,2021,3,1,1
501587,12,57.92,2021,3,2,1
620000,11,63.91,2014,3,1,2
380000,11,37.0,2004,2,7,2
395000,11,50.0,1980,3,1,0
526500,11,59.0,2020,4,0,1
354000,11,39.01,2020,2,0,1
420000,11,47.23,2009,2,6,2
212100,11,20.2,2020,1,0,1
739000,11,87.0,2001,5,4,1
389000,11,64.22,2021,3,0,1
459000,2,48.33,2020,3,0,1
360000,11,37.1,1970,2,3,2
462000,11,46.5,1979,3,4,2
649000,11,63.0,2014,3,1,2
719000,11,104.0,2019,4,1,2
575000,11,55.2,2018,2,0,2
489000,11,53.2,2003,2,5,2
780000,11,78.2,2015,3,1,2
519000,11,56.0,2014,2,4,2
413600,11,48.12,2020,2,3,2
632000,11,58.7,2015,3,5,2
449980,11,59.82,2021,3,1,1
395837,11,42.18,2020,2,3,1
330000,11,36.0,2020,2,1,1
507450,11,65.37,2021,3,2,1
472000,11,50.0,2020,3,3,1
467500,11,53.01,2020,3,4,1
458500,11,49.01,2020,3,4,1
345600,11,37.0,2020,2,0,1
287500,11,25.0,2020,1,5,1
366500,11,34.01,2020,2,3,1
425000,11,38.0,2020,2,3,2
530915,2,63.81,2020,3,1,1
560000,2,55.15,2018,2,0,2
425000,11,45.0,2002,2,0,2
380000,11,38.09,2020,3,0,1
510103,11,65.57,2020,3,0,1
325000,11,47.8,2000,2,0,2
510000,11,48.0,1978,4,4,2
501958,11,65.47,2021,3,1,1
468280,11,50.9,2020,3,1,1
270000,11,28.0,2021,1,1,1
570000,11,48.54,2018,2,4,2
455000,11,49.0,2020,3,3,1
799000,11,73.0,2018,3,3,2
519000,11,45.0,1972,2,1,2
590000,11,52.0,1960,2,3,2
360000,11,36.0,2011,2,2,0
375000,11,38.0,2000,1,0,2
286000,11,25.03,2021,1,1,1
325000,11,35.21,2021,2,1,1
415000,11,53.5,2007,2,0,2
389000,11,37.5,2020,2,3,1
486005,11,57.82,2020,3,0,1
968502,11,104.14,2020,5,4,2
681059,11,79.64,2020,4,2,2
329000,11,36.0,2020,2,1,1
398000,11,45.0,2021,3,2,1
325000,11,35.6,2021,2,4,1
485000,11,45.0,1970,3,1,2
240000,11,25.32,1970,1,4,2
469000,11,58.0,2021,3,2,1
493000,11,46.84,2005,2,1,2
499000,11,60.0,1977,3,4,0
290000,11,22.19,2020,1,0,2
599000,11,63.8,1970,4,3,2
575771,11,69.37,2021,3,0,2
349999,11,39.0,2020,2,0,1
362000,11,34.0,2020,2,3,1
410000,11,46.0,1978,3,1,0
459000,11,67.0,2005,3,1,2
329000,11,34.48,2021,2,1,1
465000,11,54.73,2021,3,5,1
570000,11,72.4,1997,3,2,2
463000,11,53.0,2020,3,5,1
465000,11,50.01,2020,3,2,1
461000,11,50.0,2020,3,3,1
499000,11,58.0,2021,4,3,1
795000,11,100.58,2015,4,1,2
295000,11,27.26,2012,1,0,2
669805,11,61.45,2021,4,5,1
470952,11,50.64,2021,3,1,1
286235,11,24.89,2021,1,5,1
363759,11,33.22,2021,2,1,1
378360,11,42.04,2021,2,0,1
576000,11,64.0,2017,4,2,2
362000,11,34.0,2020,2,0,1
442000,11,50.0,2020,3,5,1
435000,11,52.6,1980,2,4,2
739000,11,76.9,2014,3,2,2
520000,11,47.51,2013,2,3,2
519000,11,56.0,2014,2,4,2
284999,11,25.0,2020,1,0,1
617000,11,57.0,2020,3,6,1
399910,11,39.4,2021,2,6,2
326796,11,28.92,2021,1,3,1
364635,11,33.3,2021,2,3,2
285000,11,25.0,2020,1,5,1
298000,2,31.04,2020,2,2,1
399000,2,38.89,2018,2,0,2
343000,11,37.0,2020,2,3,1
600000,11,49.54,2012,2,7,2
298000,11,27.0,2020,1,0,1
577818,11,61.47,2020,3,3,1
458677,11,57.94,2020,3,4,1
435138,11,50.2,2020,2,1,1
395921,11,42.19,2020,2,3,1
456649,11,59.89,2020,3,1,1
652578,11,86.0,2020,4,1,1
597000,11,55.0,2020,3,5,1
597000,11,73.0,2009,3,0,2
799000,11,113.43,2020,6,1,1
749000,11,104.46,2020,5,0,1
483226,11,68.06,2019,4,0,1
437500,11,62.5,1980,3,0,0
517700,13,62.0,1994,3,0,2
599000,13,61.59,2020,3,5,1
660000,13,48.0,2020,3,2,2
995000,13,77.0,1930,3,1,2
405000,13,50.4,1962,2,4,0
517700,13,62.0,1994,3,0,2
920000,13,71.54,2013,3,4,2
749000,13,96.26,2005,4,1,2
599000,13,61.59,2020,3,5,1
890000,13,60.0,1989,2,1,2
311662,13,22.5,2021,1,4,1
208899,13,13.3,2021,1,0,1
389000,13,29.3,2020,1,5,2
776594,13,70.28,2020,3,3,1
266000,13,25.14,1970,1,10,2
810000,13,53.0,2018,3,4,2
627445,13,68.95,2021,3,1,1
653598,13,66.02,2021,3,0,1
1230000,13,110.0,1920,3,3,2
895000,13,91.1,1918,3,1,1
1189000,13,86.0,2015,4,5,2
420000,13,53.0,1960,2,4,0
807084,13,50.76,2019,2,1,1
588997,13,39.53,2019,2,2,1
497620,13,35.8,2019,1,5,1
1000000,13,100.0,1930,3,1,2
1500000,13,100.0,2012,4,1,2
899000,13,60.0,2010,2,6,2
740000,13,80.0,1900,2,2,1
266000,13,25.14,1970,1,10,2
609000,13,45.6,2018,2,9,2
1980000,13,132.0,2013,4,4,2
549000,13,63.85,1950,3,1,0
517700,13,62.0,1994,3,0,2
389000,13,29.3,2020,1,5,2
609000,13,46.0,2019,2,9,2
980000,13,71.0,1934,2,1,2
680000,13,60.0,2019,2,2,2
590000,13,51.0,1912,2,1,2
963585,13,91.77,2021,4,1,1
350336,13,25.76,2021,1,2,1
423283,13,35.57,2021,2,4,1
583000,13,33.0,2019,2,1,2
299000,13,18.3,1920,1,2,2
594000,13,65.0,1960,2,3,2
1150000,13,74.23,1930,4,2,2
635000,13,44.34,1924,2,0,2
699999,13,72.15,2020,3,1,1
696062,13,68.51,2021,3,2,1
1018290,13,93.25,2021,4,5,1
1160000,13,120.0,1937,4,2,2
754600,13,77.0,1885,3,3,0
430000,13,53.3,1960,2,4,0
539000,13,42.3,2020,2,4,1
1080000,13,110.0,1930,4,3,0
495000,13,50.0,1965,3,3,2
1260000,13,50.31,2020,3,4,2
1650000,13,66.02,2020,3,4,2
645000,13,55.0,1912,2,2,2
650000,13,49.09,1927,2,5,2
870000,13,63.2,1896,3,2,2
580000,13,50.0,1960,2,2,2
1160000,13,120.1,1937,4,2,0
405000,13,50.4,1962,2,4,0
1000000,13,100.0,1930,3,1,2
700000,13,50.0,2002,2,5,2
970000,13,46.0,2015,2,2,2
504000,13,42.54,2020,2,3,1
227543,13,16.01,2021,1,4,1
950000,13,90.0,1975,4,3,2
630985,13,65.05,2020,3,2,1
1250000,13,92.4,2016,4,3,2
440000,13,39.0,1980,2,2,2
510000,13,48.24,2020,2,3,1
208374,13,13.44,2021,1,4,1
227543,13,16.01,2021,1,4,1
679000,13,67.7,1981,3,2,2
283662,13,21.46,2021,1,5,1
227543,13,16.01,2021,1,4,1
227709,13,16.28,2021,1,3,1
226040,13,15.76,2021,1,2,1
232543,13,15.34,2021,1,1,1
1387870,13,126.17,2021,1,0,1
602343,13,37.67,2021,2,1,2
285107,13,17.17,2021,1,1,2
297718,13,16.41,2021,1,3,2
273982,13,16.5,2021,1,1,2
277534,13,16.41,2021,1,1,2
535000,13,37.0,1912,1,1,2
1750000,13,182.0,1920,6,3,2
549000,13,46.3,1966,2,8,2
580000,13,50.0,1982,3,3,2
615832,13,62.84,2021,3,4,1
980000,13,114.0,1896,4,1,0
510000,13,51.0,1970,4,2,2
373700,13,20.37,2021,1,2,2
531729,13,31.44,2021,2,4,2
281931,13,16.67,2021,1,2,2
285107,13,17.17,2021,1,2,2
319959,13,20.01,2021,1,0,2
295938,13,16.2,2021,1,4,2
289283,13,16.22,2021,1,3,2
428584,13,25.36,2021,1,2,2
356730,13,25.3,2020,1,3,1
517700,13,62.0,1994,3,0,2
321544,13,29.14,2020,1,4,1
1230000,13,110.0,1920,3,3,2
487000,13,36.0,2022,1,1,1
429000,13,32.0,2016,1,3,2
1196000,13,104.0,1956,4,2,2
511200,13,42.6,1911,2,3,0
1210800,13,100.9,1911,4,3,0
1130400,13,94.2,1911,3,3,0
576000,13,48.0,1911,2,0,0
1475500,13,113.5,1911,3,4,0
776400,13,64.7,1911,3,3,0
676000,13,52.0,1911,3,0,0
519600,13,43.3,1911,2,2,0
750000,13,79.38,1897,4,4,2
945000,13,75.0,1908,2,1,2
1237594,13,83.06,2019,3,1,1
1059000,13,94.9,1900,3,0,2
515000,13,39.0,2020,2,3,1
1499000,13,136.0,1930,5,3,2
490000,13,42.0,1950,2,4,2
790000,13,63.0,1950,2,4,2
675000,13,74.5,2000,4,1,2
680000,13,60.0,2018,2,2,2
950000,13,70.11,2009,3,1,2
620000,13,67.0,1920,3,4,2
450000,13,40.0,1920,2,4,2
1049000,13,122.7,1938,4,2,2
619000,13,49.92,2017,2,4,2
1220000,13,83.0,2019,4,3,2
808542,13,58.62,2019,2,10,2
803094,13,58.62,2019,2,9,2
555000,13,64.0,2004,3,2,2
1050000,13,105.5,1930,3,2,0
559999,13,44.0,2012,2,0,2
3072000,13,96.0,2018,4,2,2
821775,13,109.57,1938,5,0,1
692825,13,39.59,2019,1,5,1
530000,13,50.0,2018,2,5,2
2850000,13,178.0,1911,5,5,1
576000,13,48.0,1938,2,0,2
325000,14,32.0,1920,1,0,2
659000,14,60.0,1948,3,0,2
380000,14,24.18,1900,1,3,2
445000,14,32.0,1901,1,1,1
579000,14,26.5,2019,1,3,2
4300000,14,275.0,2011,6,3,2
479000,14,45.2,1930,2,1,1
650000,14,71.13,1900,2,2,0
709000,14,53.4,1926,2,3,2
580000,14,44.5,1920,3,3,2
595000,14,44.28,1896,1,1,2
728000,14,52.0,2005,2,0,2
2250000,14,136.0,1900,3,1,2
749000,14,61.0,1890,2,1,2
700000,14,152.0,1930,4,1,2
380000,14,23.0,1918,1,3,2
289000,14,20.0,1936,1,1,2
510000,14,51.0,1970,4,2,2
920000,14,90.0,1918,3,2,2
1081500,14,103.0,1876,5,3,0
985000,14,68.98,1920,3,3,2
670000,14,61.7,1900,3,4,2
1800000,14,113.0,1934,5,1,2
949000,14,84.8,1934,2,0,2
478000,14,37.4,1900,2,1,2
709000,14,53.4,1926,2,3,2
754600,14,77.34,1885,3,3,0
759200,14,37.96,2021,2,4,1
1800000,14,113.0,1934,5,1,2
1123500,14,107.0,1920,3,4,0
325000,14,32.0,1920,1,0,2
380000,14,22.9,1910,1,0,2
380000,14,24.3,1900,1,0,2
1300000,14,118.0,1906,5,2,1
4988000,14,178.0,2015,4,1,2
1290000,14,83.0,2014,3,4,2
590000,14,67.0,1970,3,5,2
825000,14,59.71,2018,3,5,2
180000,14,16.0,1908,1,0,2
1390000,14,115.0,1921,4,4,2
1065000,14,98.0,1892,3,2,0
754600,14,77.0,1885,3,3,0
1700000,14,83.0,1900,3,0,2
414720,14,32.4,2021,2,5,1
469000,14,37.9,2021,1,4,1
479000,14,37.85,2021,2,4,1
790000,14,86.0,1920,3,2,2
549000,14,51.55,1908,2,0,0
950000,14,102.0,1936,3,4,0
955000,14,84.0,1936,3,1,2
630000,14,46.6,1930,2,1,2
231795,14,17.17,2021,1,1,2
241025,14,15.55,2021,1,4,2
244160,14,17.44,2021,1,4,2
240600,14,16.04,2021,1,4,2
235190,14,16.22,2021,1,3,2
222750,14,16.5,2021,1,1,2
512575,14,29.29,2019,1,2,1
425000,14,56.0,1963,2,3,2
993169,14,52.41,2015,2,2,2
410000,14,29.48,1930,1,2,2
455000,14,32.94,1930,1,2,2
410000,14,25.57,1930,1,2,2
280000,14,14.03,1930,1,2,2
290000,14,14.81,1930,1,2,2
295000,14,18.42,1930,1,2,2
275000,14,17.09,1930,1,2,2
790000,14,71.0,1930,2,4,2
1123500,14,107.0,1920,3,4,0
899000,14,71.0,1900,2,2,2
740000,14,74.0,2018,5,0,2
441282,14,35.53,2020,2,4,1
359000,14,27.28,2016,1,1,2
985000,14,68.98,1920,3,3,2
479000,14,45.2,1930,2,1,1
2430000,14,100.3,1911,3,5,2
1053910,14,87.1,1930,3,1,1
985000,14,53.0,1920,3,3,2
1400000,14,71.0,2015,2,4,2
609000,14,45.19,2018,2,9,2
899000,14,90.0,1900,4,1,2
260130,14,20.01,2021,1,0,2
667800,14,55.65,1890,3,1,0
379000,14,43.0,1890,2,3,2
588412,14,34.0,2020,1,2,1
459792,14,32.96,2020,2,3,1
1389000,14,126.0,1920,4,3,2
950000,14,59.4,2018,3,1,2
695000,14,50.0,1850,2,0,1
1299000,14,74.0,1920,3,3,2
368000,14,29.0,1931,1,0,0
950000,14,90.0,1975,4,3,2
656500,14,50.5,1860,2,1,2
685475,14,39.17,2019,1,3,1
799000,14,65.0,1910,2,2,2
450000,14,22.0,1911,1,1,2
1500000,14,70.0,2015,3,0,2
487920,14,26.0,2020,1,3,1
680000,14,68.06,1905,3,1,2
620000,14,61.94,1905,3,2,2
800000,14,70.71,1938,3,1,2
780000,14,47.0,1930,2,3,2
770000,14,47.26,1900,2,3,2
1050000,14,104.4,1900,4,1,2
860000,14,83.0,1920,3,2,2
670000,14,61.0,1920,2,2,2
709000,14,53.4,1926,2,3,2
800000,14,70.71,1938,3,1,2
499536,14,34.69,2019,2,2,2
6090000,14,210.0,1300,5,1,2
990000,14,79.0,1930,3,1,2
981250,14,78.52,2007,3,1,2
4800000,14,160.7,2013,4,4,2
4990000,14,178.5,2013,4,1,2
2500000,14,198.0,1930,7,3,0
2645000,14,267.71,1887,8,1,2
1460000,14,122.0,1900,4,3,2
6500000,14,587.07,2011,1,0,2
7800000,14,219.0,2015,5,2,2
555000,14,35.0,1947,2,0,2
710000,14,59.0,2008,2,6,2
350000,14,21.0,2017,1,3,2
999000,14,46.5,2017,3,2,2
872000,14,59.0,2009,2,5,2
840000,14,63.0,2009,2,4,2
373842,14,25.73,2021,1,1,2
7500000,14,219.66,2015,5,2,2
1500000,14,126.0,1974,6,0,2
1160000,14,124.0,1930,4,2,0
536000,17,60.26,2021,3,2,1
940000,17,102.92,2020,5,0,1
750000,17,76.62,2002,3,2,2
699000,17,69.0,2008,3,0,2
510000,17,40.0,2000,2,2,2
1516000,17,95.0,2019,4,0,2
599000,17,80.02,2021,4,1,1
458172,17,51.48,2021,2,0,1
1050000,17,72.0,2019,3,1,2
539000,17,49.0,2000,2,0,2
1800000,17,113.0,1934,5,1,2
630000,17,54.0,2008,2,0,2
695000,17,55.0,2008,2,0,2
1200000,17,120.0,2020,4,1,1
1085000,17,108.53,1932,3,1,0
849000,17,110.0,2020,5,1,1
1207500,17,102.31,2020,5,1,1
545000,17,42.0,2001,2,1,2
1290000,17,91.0,1899,3,1,0
1072237,17,80.68,2020,3,0,1
669600,17,89.28,2021,5,1,1
629900,17,53.34,2020,3,0,1
699000,17,46.31,2020,2,0,2
690000,17,69.0,2006,3,0,2
1692100,17,126.7,2018,4,1,1
1550000,17,114.71,2007,3,2,2
1200000,17,70.0,2010,3,1,2
1150000,17,61.0,2018,3,1,2
1555720,17,132.02,2018,5,1,1
1710450,17,126.7,2018,4,1,1
545000,17,42.0,2001,2,1,2
549000,17,47.0,1978,3,4,2
995000,17,53.75,1930,2,3,2
999000,17,180.0,1934,7,0,2
849000,17,110.0,2020,5,1,1
3988000,17,110.22,2008,3,6,2
458000,17,51.48,2021,2,0,1
420000,17,36.31,1934,2,0,2
629900,17,53.34,2020,3,0,1
699000,17,46.31,2020,2,0,2
536000,17,60.26,2021,3,2,1
851000,17,107.23,2021,5,0,1
695000,17,55.0,2008,2,0,2
919000,17,46.0,2023,1,4,1
1100000,17,54.0,2023,3,5,1
570000,17,45.0,2011,2,0,2
1253000,17,92.93,2020,4,2,1
575000,17,28.0,2023,1,3,1
467000,17,25.0,2023,1,1,1
1290000,17,91.0,1899,3,1,2
1153569,17,51.0,2023,2,1,1
670000,17,46.08,2020,2,1,2
629900,17,53.34,2020,3,0,1
1600000,17,160.0,2020,4,0,1
648875,17,51.91,2021,2,1,1
980000,17,102.67,2020,5,0,1
940000,17,102.92,2020,5,0,1
898000,17,92.47,2004,4,1,2
1164744,17,184.88,2019,4,0,1
1027000,17,57.08,2009,2,4,2
1207500,17,102.0,2020,5,1,1
1220500,17,103.0,2020,5,1,1
629900,17,53.0,2020,3,0,1
1750000,17,92.6,2017,3,2,2
1100000,17,131.36,2020,5,2,1
769940,17,56.2,2020,2,0,1
1254555,17,92.93,2020,4,2,1
967040,17,75.55,2020,3,1,1
1196642,17,68.08,2021,3,3,1
971616,17,71.97,2021,3,2,1
449650,17,28.83,2021,1,1,1
799047,17,60.28,2021,3,0,1
560000,17,38.59,2019,2,1,2
729000,17,93.3,2004,3,1,1
1150000,17,61.0,2018,3,1,2
524030,17,36.14,2022,1,1,1
524030,17,36.14,2022,1,1,1
578305,17,37.31,2022,1,1,1
1207500,17,102.31,2020,5,1,1
1220500,17,103.42,2020,5,1,1
1300000,17,123.0,2016,5,1,1
1436400,17,108.0,2020,4,1,1
864500,17,65.0,2020,3,0,1
1150000,17,61.0,2018,3,1,2
1500000,17,104.45,2006,5,0,2
1550000,17,158.0,1920,3,2,2
990000,17,74.1,2016,3,1,2
849000,17,107.0,2020,5,1,1
190000,17,16.41,1990,1,1,2
599000,17,59.5,1920,2,1,0
849000,17,107.0,2020,5,1,1
995000,17,115.0,1930,4,4,2
2105352,17,135.59,2019,5,0,1
957137,17,60.54,2021,3,1,1
1196642,17,68.08,2021,3,3,1
485000,17,51.0,1973,2,3,0
296000,17,17.0,2017,1,0,2
1100000,17,70.0,2017,3,1,2
480000,17,40.4,1980,2,1,2
750000,17,53.0,2019,3,2,1
1923374,17,126.0,2019,5,1,1
1921395,17,126.0,2019,5,1,1
740000,17,49.0,2019,3,2,1
1512720,17,132.0,2019,5,1,1
2060352,17,134.7,2019,5,1,1
1710450,17,126.74,2019,5,1,1
635000,17,63.0,2000,3,2,2
535000,17,53.0,2000,1,2,2
1170000,17,117.0,2000,4,2,2
693000,17,43.75,2021,2,1,1
480000,17,40.4,1980,2,1,2
982020,17,75.55,2018,3,2,1
790000,17,71.1,2006,3,0,2
507000,17,37.0,2018,2,3,1
1032034,17,79.78,2020,3,3,2
1495000,17,123.0,2009,3,0,2
3350000,17,234.0,1999,6,0,2
3350000,17,234.0,2015,4,1,2
720000,17,64.0,1937,3,0,2
1804950,17,132.09,2018,5,1,1
674446,17,49.41,2018,3,2,1
685620,17,52.74,2018,3,0,1
1104737,17,174.77,2016,4,0,1
1190927,17,184.88,2016,4,0,1
832000,17,66.65,2005,3,0,2
669000,17,37.0,2017,2,1,2
722000,17,64.0,1935,3,0,2
722000,17,64.0,1920,3,0,2
645945,17,54.43,2019,3,0,1
669000,17,36.0,2017,2,1,2
1200000,17,143.66,2004,4,0,2
359999,3,32.85,1985,2,5,2
655000,8,69.0,2020,3,1,2
425000,3,46.0,2005,2,1,2
451003,4,33.91,2021,1,2,1
870000,12,103.0,2002,4,1,2
433000,15,53.81,2018,3,2,2
900000,4,60.0,2017,3,6,2
375000,1,46.9,2013,2,2,2
390000,1,38.0,1993,2,0,2
1034666,5,120.31,2021,4,4,1
360000,11,37.1,1970,2,3,2
385000,4,33.6,1975,2,2,2
408000,9,47.0,1998,2,1,2
411775,11,45.25,2021,2,0,1
1034666,5,120.31,2021,4,4,1
519000,7,63.0,1988,3,3,2
389000,13,29.3,2020,1,5,2
519000,11,56.0,2014,2,4,2
495000,3,60.0,2008,3,1,2
1123500,14,107.0,1920,3,4,0
780000,5,60.0,2010,2,3,2
629000,4,47.13,2009,2,2,2
799999,2,65.0,2019,3,2,1
655000,8,69.0,2020,3,1,2
479000,14,45.2,1930,2,1,1
780000,11,79.0,2007,3,0,2
380000,1,53.0,1980,2,1,2
455994,4,36.19,2022,1,1,1
380000,1,53.0,1980,2,1,2
420000,11,47.23,2009,2,6,2
417837,8,41.37,2022,3,1,1
412000,9,51.3,2001,2,3,2
536000,17,60.26,2021,3,2,1
659924,4,56.89,2022,2,1,1
405000,13,50.4,1962,2,4,0
640000,4,49.17,1910,3,1,2
479000,14,45.2,1930,2,1,1
980000,17,102.67,2020,5,0,1
389999,3,56.53,2020,3,1,1
425000,3,46.0,2005,2,1,2
519000,7,63.0,1988,3,3,2
629000,4,47.13,2009,2,2,2
405000,13,50.4,1962,2,4,0
325500,3,18.7,2020,1,3,2
412000,9,51.3,2001,2,3,2
595000,8,59.0,2017,3,4,2
519000,11,56.0,2014,2,4,2
325500,3,18.7,2020,1,3,2
869560,4,77.57,2021,3,3,1
595000,8,59.0,2017,3,4,2
1362000,5,99.0,1938,4,3,2
521868,11,66.48,2021,3,1,1
385000,4,33.6,1975,2,2,2
495000,3,60.0,2008,3,1,2
820000,1,97.2,2008,5,3,2
359999,3,32.85,1985,2,5,2
419000,9,52.2,1970,2,1,2
820000,1,97.2,2008,5,3,2
629000,4,47.13,2009,2,2,2
385000,1,49.39,75,2,4,2
469900,9,46.0,2017,1,1,2
519000,11,56.0,2014,2,4,2
405000,13,50.4,1962,2,4,0
574875,9,54.75,2020,3,2,1
655000,8,69.0,2020,3,1,2
900000,4,60.0,2017,3,6,2
870000,12,103.0,2002,4,1,2
699000,3,60.0,2010,3,4,2
353803,8,35.03,2022,2,1,1
310000,0,37.0,1970,2,1,2
1150000,4,107.0,2001,4,5,2
799999,2,65.0,2019,3,2,1
425000,3,46.0,2005,2,1,2
1516000,17,95.0,2019,4,0,2
1150000,4,107.0,2001,4,5,2
470470,4,36.19,2022,1,4,1
1034666,5,120.31,2021,4,4,1
359999,3,32.85,1985,2,5,2
415000,11,53.5,2007,2,0,2
397777,1,46.0,2019,3,2,2
519000,11,56.0,2014,2,4,2
469900,9,46.0,2017,1,1,2
294000,4,26.0,1970,1,9,2
799000,3,74.0,2017,3,4,2
910000,8,57.0,2020,3,3,2
519000,11,56.0,2014,2,4,2
495000,3,60.0,2008,3,1,2
359999,3,32.85,1985,2,5,2
455994,4,36.19,2022,1,1,1
655000,8,69.0,2020,3,1,2
389000,13,29.3,2020,1,5,2
870000,12,103.0,2002,4,1,2
490000,12,41.0,2011,2,0,2
1034666,5,120.31,2021,4,4,1
635000,-1,63.5,2020,3,4,2
1123500,14,107.0,1920,3,4,0
357124,7,46.99,2022,2,7,1
360000,11,37.1,1970,2,3,2
640000,4,49.17,1910,3,1,2
385000,1,49.39,75,2,4,2
1034666,5,120.31,2021,4,4,1
870000,12,103.0,2002,4,1,2
405000,13,50.4,1962,2,4,0
160000,1,19.0,2020,1,0,2
545000,17,42.0,2001,2,1,2
380000,1,53.0,1980,2,1,2
820000,1,97.2,2008,5,3,2
209000,1,22.0,2019,1,2,2
455994,4,36.19,2022,1,1,1
530000,12,58.88,2015,3,0,2
900000,4,60.0,2017,3,6,2
479000,14,45.2,1930,2,1,1
510000,3,53.5,2015,3,1,2
545000,17,42.0,2001,2,1,2
379000,1,49.0,2000,2,3,2
490000,12,41.0,2011,2,0,2
891660,4,81.06,2022,3,3,1
655000,8,69.0,2020,3,1,2
599000,4,45.1,2018,2,6,2
504999,12,54.32,2008,2,1,2
249000,0,25.0,1975,1,10,2
544740,4,40.0,2019,2,4,2
535000,7,47.0,2020,3,1,2
1123500,14,107.0,1920,3,4,0
599000,4,45.1,2018,2,6,2
530000,7,48.25,2020,3,1,2
599000,4,45.1,2018,2,6,2
359999,3,32.85,1985,2,5,2
405000,13,50.4,1962,2,4,0
1312000,5,82.0,2010,3,5,2
415000,8,39.0,1960,2,5,2
470470,4,36.19,2022,1,4,1
563000,9,49.0,2017,2,2,2
820000,1,97.2,2008,5,3,2
479000,14,45.2,1930,2,1,1
599000,4,45.1,2018,2,6,2
451003,4,33.91,2021,1,2,1
385000,4,33.6,1975,2,2,2
820000,1,97.2,2008,5,3,2
294000,4,26.0,1970,1,9,2
870000,12,103.0,2002,4,1,2
799999,2,65.0,2019,3,2,1
408000,9,47.0,1998,2,1,2
310000,0,37.0,1970,2,1,2
780000,11,79.0,2007,3,0,2
910000,8,57.0,2020,3,3,2
563000,9,49.0,2017,2,2,2
455000,12,51.87,1984,2,4,2
1034666,5,120.31,2021,4,4,1
415000,8,39.0,1960,2,5,2
870000,12,103.0,2002,4,1,2
550000,2,61.2,2001,3,3,2
310000,0,37.0,1970,2,1,2
469900,9,46.0,2017,1,1,2
417837,8,41.37,2022,3,1,1
408000,9,47.0,1998,2,1,2
799999,2,65.0,2019,3,2,1
390000,1,38.0,1993,2,0,2
533000,9,41.0,2017,2,4,1
544740,4,40.0,2019,2,4,2
780000,11,79.0,2007,3,0,2
419000,9,52.2,1970,2,1,2
640000,4,49.17,1910,3,1,2
910000,8,57.0,2020,3,3,2
533000,9,41.0,2017,2,4,1
359999,3,32.85,1985,2,5,2
563000,9,49.0,2017,2,2,2
408000,9,47.0,1998,2,1,2
1123500,14,107.0,1920,3,4,0
1034666,5,120.31,2021,4,4,1
425000,3,46.0,2005,2,1,2
310000,0,37.0,1970,2,1,2
435000,9,40.0,2013,2,5,2
294000,4,26.0,1970,1,9,2
533000,9,41.0,2017,2,4,1
489000,9,51.85,2008,2,1,2
563000,9,49.0,2017,2,2,2
1034666,5,120.31,2021,4,4,1
780000,5,60.0,2010,2,3,2
595000,8,59.0,2017,3,4,2
869560,4,77.57,2021,3,3,1
1312000,5,82.0,2010,3,5,2
640000,4,49.17,1910,3,1,2
375000,1,46.9,2013,2,2,2
405000,13,50.4,1962,2,4,0
455994,4,36.19,2022,1,1,1
469900,9,46.0,2017,1,1,2
530000,12,58.88,2015,3,0,2
799999,2,65.0,2019,3,2,1
530000,12,58.88,2015,3,0,2
655000,8,69.0,2020,3,1,2
425000,3,46.0,2005,2,1,2
375000,1,46.9,2013,2,2,2
820000,1,97.2,2008,5,3,2
1362000,5,99.0,1938,4,3,2
408000,9,47.0,1998,2,1,2
519000,7,63.0,1988,3,3,2
490000,12,41.0,2011,2,0,2
294000,4,26.0,1970,1,9,2
439000,1,52.0,2014,2,1,2
415000,8,39.0,1960,2,5,2
294000,4,26.0,1970,1,9,2
425000,3,46.0,2005,2,1,2
1123500,14,107.0,1920,3,4,0
389000,13,29.3,2020,1,5,2
408000,9,47.0,1998,2,1,2
799999,2,65.0,2019,3,2,1
397777,1,46.0,2019,3,2,2
135000,1,13.0,2020,1,0,2
419000,9,52.2,1970,2,1,2
655000,8,69.0,2020,3,1,2
574875,9,54.75,2020,3,2,1
780000,5,60.0,2010,2,3,2
495000,3,60.0,2008,3,1,2
360000,11,37.1,1970,2,3,2
910000,8,57.0,2020,3,3,2
408000,9,47.0,1998,2,1,2
635000,-1,63.5,2020,3,4,2
533000,9,41.0,2017,2,4,1
412000,9,51.3,2001,2,3,2
439000,1,52.0,2014,2,1,2
780000,5,60.0,2010,2,3,2
545000,17,42.0,2001,2,1,2
530000,7,48.25,2020,3,1,2
359999,3,32.85,1985,2,5,2
359999,3,32.85,1985,2,5,2
780000,11,79.0,2007,3,0,2
419000,9,52.2,1970,2,1,2
417837,8,41.37,2022,3,1,1
1123500,14,107.0,1920,3,4,0
635000,-1,63.5,2020,3,4,2
870000,12,103.0,2002,4,1,2
380000,1,53.0,1980,2,1,2
1123500,14,107.0,1920,3,4,0
325500,3,18.7,2020,1,3,2
405000,13,50.4,1962,2,4,0
640000,4,49.17,1910,3,1,2
490000,12,41.0,2011,2,0,2
495000,3,60.0,2008,3,1,2
544740,4,40.0,2019,2,4,2
425000,3,46.0,2005,2,1,2
695000,9,62.0,2014,4,0,2
820000,1,97.2,2008,5,3,2
359999,3,32.85,1985,2,5,2
1034666,5,120.31,2021,4,4,1
820000,1,97.2,2008,5,3,2
629000,4,47.13,2009,2,2,2
659924,4,56.89,2022,2,1,1
439000,1,52.0,2014,2,1,2
519000,7,63.0,1988,3,3,2
545000,17,42.0,2001,2,1,2
353803,8,35.03,2022,2,1,1
544740,4,40.0,2019,2,4,2
379000,1,49.0,2000,2,3,2
419000,9,52.2,1970,2,1,2
495000,3,60.0,2008,3,1,2
533000,9,41.0,2017,2,4,1
359999,3,32.85,1985,2,5,2
740000,5,52.29,2009,2,7,2
425000,3,46.0,2005,2,1,2
390000,1,38.0,1993,2,0,2
1362000,5,99.0,1938,4,3,2
375000,1,46.9,2013,2,2,2
675000,9,68.87,2007,4,1,2
359999,3,32.85,1985,2,5,2
510000,3,53.5,2015,3,1,2
412000,9,51.3,2001,2,3,2
799999,2,65.0,2019,3,2,1
385000,9,49.0,1985,2,4,2
425000,3,46.0,2005,2,1,2
563000,9,49.0,2017,2,2,2
412000,9,51.3,2001,2,3,2
1034666,5,120.31,2021,4,4,1
545000,17,42.0,2001,2,1,2
294000,4,26.0,1970,1,9,2
425000,3,46.0,2005,2,1,2
426732,11,49.62,2021,3,1,1
390000,1,38.0,1993,2,0,2
385000,9,49.0,1985,2,4,2
408000,9,47.0,1998,2,1,2
799999,2,65.0,2019,3,2,1
389000,13,29.3,2020,1,5,2
451003,4,33.91,2021,1,2,1
545000,17,42.0,2001,2,1,2
353803,8,35.03,2022,2,1,1
640000,4,49.17,1910,3,1,2
640000,4,49.17,1910,3,1,2
135000,1,13.0,2020,1,0,2
820000,1,97.2,2008,5,3,2
820000,1,97.2,2008,5,3,2
209000,1,22.0,2019,1,2,2
695000,9,62.0,2014,4,0,2
412000,9,51.3,2001,2,3,2
420000,11,47.23,2009,2,6,2
629000,4,47.13,2009,2,2,2
870000,12,103.0,2002,4,1,2
385000,4,33.6,1975,2,2,2
519000,7,63.0,1988,3,3,2
1362000,5,99.0,1938,4,3,2
740000,5,52.29,2009,2,7,2
412000,9,51.3,2001,2,3,2
310000,0,37.0,1970,2,1,2
940000,17,102.92,2020,5,0,1
1123500,14,107.0,1920,3,4,0
294000,4,26.0,1970,1,9,2
375000,1,46.9,2013,2,2,2
799999,2,65.0,2019,3,2,1
629000,4,47.13,2009,2,2,2
390000,1,38.0,1993,2,0,2
870000,12,103.0,2002,4,1,2
536000,17,60.26,2021,3,2,1
795000,11,100.58,2015,4,1,2
310000,0,37.0,1970,2,1,2
635000,-1,63.5,2020,3,4,2
495000,3,60.0,2008,3,1,2
1150000,4,107.0,2001,4,5,2
795000,11,100.58,2015,4,1,2
535000,7,47.0,2020,3,1,2
519000,7,63.0,1988,3,3,2
379000,1,49.0,2000,2,3,2
405000,13,50.4,1962,2,4,0
375000,1,46.9,2013,2,2,2
799999,2,65.0,2019,3,2,1
695000,9,62.0,2014,4,0,2
379000,1,49.0,2000,2,3,2
380000,1,53.0,1980,2,1,2
385000,4,33.6,1975,2,2,2
910000,8,57.0,2020,3,3,2
550000,2,61.2,2001,3,3,2
359999,3,32.85,1985,2,5,2
425000,3,46.0,2005,2,1,2
519000,7,63.0,1988,3,3,2
595000,8,59.0,2017,3,4,2
780000,5,60.0,2010,2,3,2
412000,9,51.3,2001,2,3,2
820000,1,97.2,2008,5,3,2
408000,9,47.0,1998,2,1,2
640000,4,49.17,1910,3,1,2
325500,3,18.7,2020,1,3,2
695000,9,62.0,2014,4,0,2
490000,12,41.0,2011,2,0,2
1150000,4,107.0,2001,4,5,2
1362000,5,99.0,1938,4,3,2
405000,13,50.4,1962,2,4,0
359999,3,32.85,1985,2,5,2
389999,3,56.53,2020,3,1,1
375000,1,46.9,2013,2,2,2
1362000,5,99.0,1938,4,3,2
632000,8,49.0,2018,2,0,2
405000,13,50.4,1962,2,4,0
385000,9,49.0,1985,2,4,2
820000,1,97.2,2008,5,3,2
635000,-1,63.5,2020,3,4,2
541809,11,66.89,2021,4,2,1
899000,14,90.0,1900,4,1,2
360000,11,37.1,1970,2,3,2
595000,8,59.0,2017,3,4,2
820000,1,97.2,2008,5,3,2
405000,13,50.4,1962,2,4,0
870000,12,103.0,2002,4,1,2
310000,0,37.0,1970,2,1,2
439000,1,52.0,2014,2,1,2
360000,11,37.1,1970,2,3,2
780000,5,60.0,2010,2,3,2
519000,11,56.0,2014,2,4,2
408000,9,47.0,1998,2,1,2
360000,11,37.1,1970,2,3,2
533000,9,41.0,2017,2,4,1
359999,3,32.85,1985,2,5,2
360000,11,37.1,1970,2,3,2
405000,13,50.4,1962,2,4,0
469900,9,46.0,2017,1,1,2
380000,1,53.0,1980,2,1,2
795000,11,100.58,2015,4,1,2
650000,5,55.0,1960,2,2,2
209000,1,22.0,2019,1,2,2
425000,3,46.0,2005,2,1,2
310000,5,26.0,1974,1,2,2
389999,3,56.53,2020,3,1,1
385000,4,33.6,1975,2,2,2
780000,5,60.0,2010,2,3,2
325500,3,18.7,2020,1,3,2
1150000,4,107.0,2001,4,5,2
519000,7,63.0,1988,3,3,2
425000,3,46.0,2005,2,1,2
533000,9,41.0,2017,2,4,1
451003,4,33.91,2021,1,2,1
533000,9,41.0,2017,2,4,1
389000,13,29.3,2020,1,5,2
405000,13,50.4,1962,2,4,0
675000,9,68.87,2007,4,1,2
359999,3,32.85,1985,2,5,2
870000,12,103.0,2002,4,1,2
1034666,5,120.31,2021,4,4,1
595000,8,59.0,2017,3,4,2
451003,4,33.91,2021,1,2,1
635000,-1,63.5,2020,3,4,2
595000,8,59.0,2017,3,4,2
550000,2,61.2,2001,3,3,2
856992,4,75.84,2022,3,2,1
1362000,5,99.0,1938,4,3,2
385000,4,33.6,1975,2,2,2
640000,4,49.17,1910,3,1,2
412000,9,51.3,2001,2,3,2
629000,4,47.13,2009,2,2,2
1362000,5,99.0,1938,4,3,2
325500,3,18.7,2020,1,3,2
629000,4,47.13,2009,2,2,2
545000,17,42.0,2001,2,1,2
1150000,4,107.0,2001,4,5,2
408000,9,47.0,1998,2,1,2
655000,8,69.0,2020,3,1,2
390000,1,38.0,1993,2,0,2
695000,9,62.0,2014,4,0,2
536000,17,60.26,2021,3,2,1
405000,13,50.4,1962,2,4,0
389000,13,29.3,2020,1,5,2
795000,11,100.58,2015,4,1,2
249000,0,25.0,1975,1,10,2
910000,8,57.0,2020,3,3,2
550000,4,55.7,1966,3,0,2
425000,3,46.0,2005,2,1,2
425000,3,46.0,2005,2,1,2
629000,4,47.13,2009,2,2,2
820000,1,97.2,2008,5,3,2
325500,3,18.7,2020,1,3,2
1034666,5,120.31,2021,4,4,1
359999,3,32.85,1985,2,5,2
389000,13,29.3,2020,1,5,2
405000,13,50.4,1962,2,4,0
417837,8,41.37,2022,3,1,1
389999,3,56.53,2020,3,1,1
1123500,14,107.0,1920,3,4,0
869560,4,77.57,2021,3,3,1
135000,1,13.0,2020,1,0,2
397777,1,46.0,2019,3,2,2
408000,9,47.0,1998,2,1,2
533000,9,41.0,2017,2,4,1
439000,1,52.0,2014,2,1,2
455000,12,51.87,1984,2,4,2
1150000,4,107.0,2001,4,5,2
360000,11,37.1,1970,2,3,2
360000,11,37.1,1970,2,3,2
629000,4,47.13,2009,2,2,2
360000,11,37.1,1970,2,3,2
595000,8,59.0,2017,3,4,2
495000,3,60.0,2008,3,1,2
561568,9,50.14,2020,2,4,1
519000,7,63.0,1988,3,3,2
660000,12,65.87,1978,4,9,2
695000,9,62.0,2014,4,0,2
629000,4,47.13,2009,2,2,2
1362000,5,99.0,1938,4,3,2
544740,4,40.0,2019,2,4,2
533000,9,41.0,2017,2,4,1
595000,8,59.0,2017,3,4,2
1034666,5,120.31,2021,4,4,1
640000,4,49.17,1910,3,1,2
380000,1,53.0,1980,2,1,2
405000,13,50.4,1962,2,4,0
780000,11,79.0,2007,3,0,2
451003,4,33.91,2021,1,2,1
495000,3,60.0,2008,3,1,2
325500,3,18.7,2020,1,3,2
650000,5,55.0,1960,2,2,2
495000,3,60.0,2008,3,1,2
412000,9,51.3,2001,2,3,2
359999,3,32.85,1985,2,5,2
795000,11,100.58,2015,4,1,2
544740,4,40.0,2019,2,4,2
510000,3,53.5,2015,3,1,2
495000,3,60.0,2008,3,1,2
412000,9,51.3,2001,2,3,2
675000,9,68.87,2007,4,1,2
1516000,17,95.0,2019,4,0,2
533000,9,41.0,2017,2,4,1
389000,13,29.3,2020,1,5,2
380000,1,53.0,1980,2,1,2
495000,3,60.0,2008,3,1,2
819812,4,75.04,2021,3,1,1
655000,8,69.0,2020,3,1,2
650000,5,55.0,1960,2,2,2
545000,17,42.0,2001,2,1,2
655000,8,69.0,2020,3,1,2
519000,11,56.0,2014,2,4,2
360000,11,37.1,1970,2,3,2
780000,5,60.0,2010,2,3,2
535000,7,47.0,2020,3,1,2
412000,9,51.3,2001,2,3,2
490000,12,41.0,2011,2,0,2
536000,17,60.26,2021,3,2,1
294000,4,26.0,1970,1,9,2
533000,9,41.0,2017,2,4,1
795000,11,100.58,2015,4,1,2
469900,9,46.0,2017,1,1,2
412000,9,51.3,2001,2,3,2
635000,-1,63.5,2020,3,4,2
533000,9,41.0,2017,2,4,1
294000,4,26.0,1970,1,9,2
459000,11,59.35,1970,3,1,2
415000,11,53.5,2007,2,0,2
533000,9,41.0,2017,2,4,1
408000,9,47.0,1998,2,1,2
595000,8,59.0,2017,3,4,2
533000,9,41.0,2017,2,4,1
451003,4,33.91,2021,1,2,1
1312000,5,82.0,2010,3,5,2
360000,11,37.1,1970,2,3,2
544740,4,40.0,2019,2,4,2
780000,5,60.0,2010,2,3,2
359999,3,32.85,1985,2,5,2
1516000,17,95.0,2019,4,0,2
780000,11,79.0,2007,3,0,2
310000,0,37.0,1970,2,1,2
856992,4,75.84,2022,3,2,1
655000,8,69.0,2020,3,1,2
595000,8,59.0,2017,3,4,2
495000,3,60.0,2008,3,1,2
533000,9,41.0,2017,2,4,1
550000,2,61.2,2001,3,3,2
659924,4,56.89,2022,2,1,1
599000,4,45.1,2018,2,6,2
408000,9,47.0,1998,2,1,2
510000,3,53.5,2015,3,1,2
310000,0,37.0,1970,2,1,2
635000,-1,63.5,2020,3,4,2
795000,11,100.58,2015,4,1,2
469900,9,46.0,2017,1,1,2
629000,4,47.13,2009,2,2,2
550000,2,61.2,2001,3,3,2
405000,13,50.4,1962,2,4,0
595000,8,59.0,2017,3,4,2
650000,5,55.0,1960,2,2,2
325500,3,18.7,2020,1,3,2
420000,11,47.23,2009,2,6,2
429000,9,49.34,1970,2,1,2
795000,11,100.58,2015,4,1,2
408000,9,47.0,1998,2,1,2
360000,11,37.1,1970,2,3,2
375000,1,46.9,2013,2,2,2
405000,13,50.4,1962,2,4,0
325500,3,18.7,2020,1,3,2
1362000,5,99.0,1938,4,3,2
389000,13,29.3,2020,1,5,2
435229,9,38.55,2020,2,3,1
397777,1,46.0,2019,3,2,2
940000,17,102.92,2020,5,0,1
390000,1,38.0,1993,2,0,2
629000,4,47.13,2009,2,2,2
545000,17,42.0,2001,2,1,2
310000,0,37.0,1970,2,1,2
655000,8,69.0,2020,3,1,2
390000,1,38.0,1993,2,0,2
536000,17,60.26,2021,3,2,1
359999,3,32.85,1985,2,5,2
397777,1,46.0,2019,3,2,2
360000,11,37.1,1970,2,3,2
1123500,14,107.0,1920,3,4,0
359999,3,32.85,1985,2,5,2
910000,8,57.0,2020,3,3,2
420000,11,47.23,2009,2,6,2
325500,3,18.7,2020,1,3,2
415000,8,39.0,1960,2,5,2
650000,5,55.0,1960,2,2,2
412000,9,51.3,2001,2,3,2
415000,8,39.0,1960,2,5,2
799999,2,65.0,2019,3,2,1
519000,7,63.0,1988,3,3,2
379000,1,49.0,2000,2,3,2
489000,9,51.85,2008,2,1,2
635000,-1,63.5,2020,3,4,2
799999,2,65.0,2019,3,2,1
325500,3,18.7,2020,1,3,2
795000,11,100.58,2015,4,1,2
629000,4,47.13,2009,2,2,2
820000,1,97.2,2008,5,3,2
375000,1,46.9,2013,2,2,2
294000,4,26.0,1970,1,9,2
900000,4,60.0,2017,3,6,2
1516000,17,95.0,2019,4,0,2
359999,3,32.85,1985,2,5,2
659924,4,56.89,2022,2,1,1
910000,8,57.0,2020,3,3,2
385000,4,33.6,1975,2,2,2
550000,2,61.2,2001,3,3,2
294000,4,26.0,1970,1,9,2
870000,12,103.0,2002,4,1,2
310000,0,37.0,1970,2,1,2
1123500,14,107.0,1920,3,4,0
891660,4,81.06,2022,3,3,1
389000,13,29.3,2020,1,5,2
530000,12,58.88,2015,3,0,2
294000,4,26.0,1970,1,9,2
795000,11,100.58,2015,4,1,2